query_id,query_text_id,embedding_row
q-rf_1239_sprint-object_hard_v3-0281,qt-q-rf_1239_sprint-object_hard_v3-0281,0
q-rf_1239_sprint-object_hard_v3-0282,qt-q-rf_1239_sprint-object_hard_v3-0282,1
q-rf_1239_sprint-object_hard_v3-0283,qt-q-rf_1239_sprint-object_hard_v3-0283,2
q-rf_1239_sprint-object_hard_v3-0284,qt-q-rf_1239_sprint-object_hard_v3-0284,3
q-rf_1239_sprint-object_hard_v3-0285,qt-q-rf_1239_sprint-object_hard_v3-0285,4
q-rf_1239_sprint-object_hard_v3-0286,qt-q-rf_1239_sprint-object_hard_v3-0286,5
q-rf_1239_sprint-object_hard_v3-0287,qt-q-rf_1239_sprint-object_hard_v3-0287,6
q-rf_1239_sprint-object_hard_v3-0288,qt-q-rf_1239_sprint-object_hard_v3-0288,7
q-rf_1239_sprint-object_hard_v3-0289,qt-q-rf_1239_sprint-object_hard_v3-0289,8
q-rf_1239_sprint-object_hard_v3-0290,qt-q-rf_1239_sprint-object_hard_v3-0290,9
q-rf_1239_sprint-object_hard_v3-0291,qt-q-rf_1239_sprint-object_hard_v3-0291,10
q-rf_1239_sprint-object_hard_v3-0292,qt-q-rf_1239_sprint-object_hard_v3-0292,11
q-rf_1239_sprint-object_hard_v3-0293,qt-q-rf_1239_sprint-object_hard_v3-0293,12
q-rf_1239_sprint-object_hard_v3-0294,qt-q-rf_1239_sprint-object_hard_v3-0294,13
q-rf_1239_sprint-object_hard_v3-0295,qt-q-rf_1239_sprint-object_hard_v3-0295,14
q-rf_1239_sprint-object_hard_v3-0296,qt-q-rf_1239_sprint-object_hard_v3-0296,15
q-rf_1239_sprint-object_hard_v3-0297,qt-q-rf_1239_sprint-object_hard_v3-0297,16
q-rf_1239_sprint-object_hard_v3-0298,qt-q-rf_1239_sprint-object_hard_v3-0298,17
q-rf_1239_sprint-object_hard_v3-0299,qt-q-rf_1239_sprint-object_hard_v3-0299,18
q-rf_1239_sprint-object_hard_v3-0300,qt-q-rf_1239_sprint-object_hard_v3-0300,19
q-rf_1239_sprint-object_hard_v3-0301,qt-q-rf_1239_sprint-object_hard_v3-0301,20
q-rf_1239_sprint-object_hard_v3-0302,qt-q-rf_1239_sprint-object_hard_v3-0302,21
q-rf_1239_sprint-object_hard_v3-0303,qt-q-rf_1239_sprint-object_hard_v3-0303,22
q-rf_1239_sprint-object_hard_v3-0304,qt-q-rf_1239_sprint-object_hard_v3-0304,23
q-rf_1239_sprint-object_hard_v3-0305,qt-q-rf_1239_sprint-object_hard_v3-0305,24
q-rf_1239_sprint-object_hard_v3-0306,qt-q-rf_1239_sprint-object_hard_v3-0306,25
q-rf_1239_sprint-object_hard_v3-0307,qt-q-rf_1239_sprint-object_hard_v3-0307,26
q-rf_1239_sprint-object_hard_v3-0308,qt-q-rf_1239_sprint-object_hard_v3-0308,27
q-rf_1239_sprint-object_hard_v3-0309,qt-q-rf_1239_sprint-object_hard_v3-0309,28
q-rf_1239_sprint-object_hard_v3-0310,qt-q-rf_1239_sprint-object_hard_v3-0310,29
q-rf_1239_sprint-object_hard_v3-0311,qt-q-rf_1239_sprint-object_hard_v3-0311,30
q-rf_1239_sprint-object_hard_v3-0312,qt-q-rf_1239_sprint-object_hard_v3-0312,31
q-rf_1239_sprint-object_hard_v3-0313,qt-q-rf_1239_sprint-object_hard_v3-0313,32
q-rf_1239_sprint-object_hard_v3-0314,qt-q-rf_1239_sprint-object_hard_v3-0314,33
q-rf_1239_sprint-object_hard_v3-0315,qt-q-rf_1239_sprint-object_hard_v3-0315,34
q-rf_1239_sprint-object_hard_v3-0316,qt-q-rf_1239_sprint-object_hard_v3-0316,35
q-rf_1239_sprint-object_hard_v3-0317,qt-q-rf_1239_sprint-object_hard_v3-0317,36
q-rf_1239_sprint-object_hard_v3-0318,qt-q-rf_1239_sprint-object_hard_v3-0318,37
q-rf_1239_sprint-object_hard_v3-0319,qt-q-rf_1239_sprint-object_hard_v3-0319,38
q-rf_1239_sprint-object_hard_v3-0320,qt-q-rf_1239_sprint-object_hard_v3-0320,39
q-rf_1239_sprint-object_hard_v3-0321,qt-q-rf_1239_sprint-object_hard_v3-0321,40
q-rf_1239_sprint-object_hard_v3-0322,qt-q-rf_1239_sprint-object_hard_v3-0322,41
q-rf_1239_sprint-object_hard_v3-0323,qt-q-rf_1239_sprint-object_hard_v3-0323,42
q-rf_1239_sprint-object_hard_v3-0324,qt-q-rf_1239_sprint-object_hard_v3-0324,43
q-rf_1239_sprint-object_hard_v3-0325,qt-q-rf_1239_sprint-object_hard_v3-0325,44
q-rf_1239_sprint-object_hard_v3-0326,qt-q-rf_1239_sprint-object_hard_v3-0326,45
q-rf_1239_sprint-object_hard_v3-0327,qt-q-rf_1239_sprint-object_hard_v3-0327,46
q-rf_1239_sprint-object_hard_v3-0328,qt-q-rf_1239_sprint-object_hard_v3-0328,47
q-rf_1239_sprint-object_hard_v3-0329,qt-q-rf_1239_sprint-object_hard_v3-0329,48
q-rf_1239_sprint-object_hard_v3-0330,qt-q-rf_1239_sprint-object_hard_v3-0330,49
q-rf_1239_sprint-object_hard_v3-0331,qt-q-rf_1239_sprint-object_hard_v3-0331,50
q-rf_1239_sprint-object_hard_v3-0332,qt-q-rf_1239_sprint-object_hard_v3-0332,51
q-rf_1239_sprint-object_hard_v3-0333,qt-q-rf_1239_sprint-object_hard_v3-0333,52
q-rf_1239_sprint-object_hard_v3-0334,qt-q-rf_1239_sprint-object_hard_v3-0334,53
q-rf_1239_sprint-object_hard_v3-0335,qt-q-rf_1239_sprint-object_hard_v3-0335,54
q-rf_1239_sprint-object_hard_v3-0336,qt-q-rf_1239_sprint-object_hard_v3-0336,55
q-rf_1239_sprint-object_hard_v3-0337,qt-q-rf_1239_sprint-object_hard_v3-0337,56
q-rf_1239_sprint-object_hard_v3-0338,qt-q-rf_1239_sprint-object_hard_v3-0338,57
q-rf_1239_sprint-object_hard_v3-0339,qt-q-rf_1239_sprint-object_hard_v3-0339,58
q-rf_1239_sprint-object_hard_v3-0340,qt-q-rf_1239_sprint-object_hard_v3-0340,59
q-rf_1239_sprint-object_hard_v3-0341,qt-q-rf_1239_sprint-object_hard_v3-0341,60
q-rf_1239_sprint-object_hard_v3-0342,qt-q-rf_1239_sprint-object_hard_v3-0342,61
q-rf_1239_sprint-object_hard_v3-0343,qt-q-rf_1239_sprint-object_hard_v3-0343,62
q-rf_1239_sprint-object_hard_v3-0344,qt-q-rf_1239_sprint-object_hard_v3-0344,63
q-rf_1239_sprint-object_hard_v3-0345,qt-q-rf_1239_sprint-object_hard_v3-0345,64
q-rf_1239_sprint-object_hard_v3-0346,qt-q-rf_1239_sprint-object_hard_v3-0346,65
q-rf_1239_sprint-object_hard_v3-0347,qt-q-rf_1239_sprint-object_hard_v3-0347,66
q-rf_1239_sprint-object_hard_v3-0348,qt-q-rf_1239_sprint-object_hard_v3-0348,67
q-rf_1239_sprint-object_hard_v3-0349,qt-q-rf_1239_sprint-object_hard_v3-0349,68
q-rf_1239_sprint-object_hard_v3-0350,qt-q-rf_1239_sprint-object_hard_v3-0350,69
q-rf_1239_sprint-object_hard_v3-0351,qt-q-rf_1239_sprint-object_hard_v3-0351,70
q-rf_1239_sprint-object_hard_v3-0352,qt-q-rf_1239_sprint-object_hard_v3-0352,71
q-rf_1239_sprint-object_hard_v3-0353,qt-q-rf_1239_sprint-object_hard_v3-0353,72
q-rf_1239_sprint-object_hard_v3-0354,qt-q-rf_1239_sprint-object_hard_v3-0354,73
q-rf_1239_sprint-object_hard_v3-0355,qt-q-rf_1239_sprint-object_hard_v3-0355,74
q-rf_1239_sprint-object_hard_v3-0356,qt-q-rf_1239_sprint-object_hard_v3-0356,75
q-rf_1239_sprint-object_hard_v3-0357,qt-q-rf_1239_sprint-object_hard_v3-0357,76
q-rf_1239_sprint-object_hard_v3-0358,qt-q-rf_1239_sprint-object_hard_v3-0358,77
q-rf_1239_sprint-object_hard_v3-0359,qt-q-rf_1239_sprint-object_hard_v3-0359,78
q-rf_1239_sprint-object_hard_v3-0360,qt-q-rf_1239_sprint-object_hard_v3-0360,79
q-rf_1239_sprint-object_hard_v3-0361,qt-q-rf_1239_sprint-object_hard_v3-0361,80
q-rf_1239_sprint-object_hard_v3-0362,qt-q-rf_1239_sprint-object_hard_v3-0362,81
q-rf_1239_sprint-object_hard_v3-0363,qt-q-rf_1239_sprint-object_hard_v3-0363,82
q-rf_1239_sprint-object_hard_v3-0364,qt-q-rf_1239_sprint-object_hard_v3-0364,83
q-rf_1239_sprint-object_hard_v3-0365,qt-q-rf_1239_sprint-object_hard_v3-0365,84
q-rf_1239_sprint-object_hard_v3-0366,qt-q-rf_1239_sprint-object_hard_v3-0366,85
q-rf_1239_sprint-object_hard_v3-0367,qt-q-rf_1239_sprint-object_hard_v3-0367,86
q-rf_1239_sprint-object_hard_v3-0368,qt-q-rf_1239_sprint-object_hard_v3-0368,87
q-rf_1239_sprint-object_hard_v3-0369,qt-q-rf_1239_sprint-object_hard_v3-0369,88
q-rf_1239_sprint-object_hard_v3-0370,qt-q-rf_1239_sprint-object_hard_v3-0370,89
q-rf_1239_sprint-object_hard_v3-0371,qt-q-rf_1239_sprint-object_hard_v3-0371,90
q-rf_1239_sprint-object_hard_v3-0372,qt-q-rf_1239_sprint-object_hard_v3-0372,91
q-rf_1239_sprint-object_hard_v3-0373,qt-q-rf_1239_sprint-object_hard_v3-0373,92
q-rf_1239_sprint-object_hard_v3-0374,qt-q-rf_1239_sprint-object_hard_v3-0374,93
q-rf_1239_sprint-object_hard_v3-0375,qt-q-rf_1239_sprint-object_hard_v3-0375,94
q-rf_1239_sprint-object_hard_v3-0376,qt-q-rf_1239_sprint-object_hard_v3-0376,95
q-rf_1239_sprint-object_hard_v3-0377,qt-q-rf_1239_sprint-object_hard_v3-0377,96
q-rf_1239_sprint-object_hard_v3-0378,qt-q-rf_1239_sprint-object_hard_v3-0378,97
q-rf_1239_sprint-object_hard_v3-0379,qt-q-rf_1239_sprint-object_hard_v3-0379,98
q-rf_1239_sprint-object_hard_v3-0380,qt-q-rf_1239_sprint-object_hard_v3-0380,99
q-rf_1239_sprint-object_hard_v3-0381,qt-q-rf_1239_sprint-object_hard_v3-0381,100
q-rf_1239_sprint-object_hard_v3-0382,qt-q-rf_1239_sprint-object_hard_v3-0382,101
q-rf_1239_sprint-object_hard_v3-0383,qt-q-rf_1239_sprint-object_hard_v3-0383,102
q-rf_1239_sprint-object_hard_v3-0384,qt-q-rf_1239_sprint-object_hard_v3-0384,103
q-rf_1239_sprint-object_hard_v3-0385,qt-q-rf_1239_sprint-object_hard_v3-0385,104
q-rf_1239_sprint-object_hard_v3-0386,qt-q-rf_1239_sprint-object_hard_v3-0386,105
q-rf_1239_sprint-object_hard_v3-0387,qt-q-rf_1239_sprint-object_hard_v3-0387,106
q-rf_1239_sprint-object_hard_v3-0388,qt-q-rf_1239_sprint-object_hard_v3-0388,107
q-rf_1239_sprint-object_hard_v3-0389,qt-q-rf_1239_sprint-object_hard_v3-0389,108
q-rf_1239_sprint-object_hard_v3-0390,qt-q-rf_1239_sprint-object_hard_v3-0390,109
q-rf_1239_sprint-object_hard_v3-0391,qt-q-rf_1239_sprint-object_hard_v3-0391,110
q-rf_1239_sprint-object_hard_v3-0392,qt-q-rf_1239_sprint-object_hard_v3-0392,111
q-rf_1239_sprint-object_hard_v3-0393,qt-q-rf_1239_sprint-object_hard_v3-0393,112
q-rf_1239_sprint-object_hard_v3-0394,qt-q-rf_1239_sprint-object_hard_v3-0394,113
q-rf_1239_sprint-object_hard_v3-0395,qt-q-rf_1239_sprint-object_hard_v3-0395,114
q-rf_1239_sprint-object_hard_v3-0396,qt-q-rf_1239_sprint-object_hard_v3-0396,115
q-rf_1239_sprint-object_hard_v3-0397,qt-q-rf_1239_sprint-object_hard_v3-0397,116
q-rf_1239_sprint-object_hard_v3-0398,qt-q-rf_1239_sprint-object_hard_v3-0398,117
q-rf_1239_sprint-object_hard_v3-0399,qt-q-rf_1239_sprint-object_hard_v3-0399,118
q-rf_1239_sprint-object_hard_v3-0400,qt-q-rf_1239_sprint-object_hard_v3-0400,119
q-rf_1239_sprint-object_hard_v3-0401,qt-q-rf_1239_sprint-object_hard_v3-0401,120
q-rf_1239_sprint-object_hard_v3-0402,qt-q-rf_1239_sprint-object_hard_v3-0402,121
q-rf_1239_sprint-object_hard_v3-0403,qt-q-rf_1239_sprint-object_hard_v3-0403,122
q-rf_1239_sprint-object_hard_v3-0404,qt-q-rf_1239_sprint-object_hard_v3-0404,123
q-rf_1239_sprint-object_hard_v3-0405,qt-q-rf_1239_sprint-object_hard_v3-0405,124
q-rf_1239_sprint-object_hard_v3-0406,qt-q-rf_1239_sprint-object_hard_v3-0406,125
q-rf_1239_sprint-object_hard_v3-0407,qt-q-rf_1239_sprint-object_hard_v3-0407,126
q-rf_1239_sprint-object_hard_v3-0408,qt-q-rf_1239_sprint-object_hard_v3-0408,127
q-rf_1239_sprint-object_hard_v3-0409,qt-q-rf_1239_sprint-object_hard_v3-0409,128
q-rf_1239_sprint-object_hard_v3-0410,qt-q-rf_1239_sprint-object_hard_v3-0410,129
q-rf_1239_sprint-object_hard_v3-0411,qt-q-rf_1239_sprint-object_hard_v3-0411,130
q-rf_1239_sprint-object_hard_v3-0412,qt-q-rf_1239_sprint-object_hard_v3-0412,131
q-rf_1239_sprint-object_hard_v3-0413,qt-q-rf_1239_sprint-object_hard_v3-0413,132
q-rf_1239_sprint-object_hard_v3-0414,qt-q-rf_1239_sprint-object_hard_v3-0414,133
q-rf_1239_sprint-object_hard_v3-0415,qt-q-rf_1239_sprint-object_hard_v3-0415,134
q-rf_1239_sprint-object_hard_v3-0416,qt-q-rf_1239_sprint-object_hard_v3-0416,135
q-rf_1239_sprint-object_hard_v3-0417,qt-q-rf_1239_sprint-object_hard_v3-0417,136
q-rf_1239_sprint-object_hard_v3-0418,qt-q-rf_1239_sprint-object_hard_v3-0418,137
q-rf_1239_sprint-object_hard_v3-0419,qt-q-rf_1239_sprint-object_hard_v3-0419,138
q-rf_1239_sprint-object_hard_v3-0420,qt-q-rf_1239_sprint-object_hard_v3-0420,139
q-rf_1239_sprint-object_hard_v3-0421,qt-q-rf_1239_sprint-object_hard_v3-0421,140
q-rf_1239_sprint-object_hard_v3-0422,qt-q-rf_1239_sprint-object_hard_v3-0422,141
q-rf_1239_sprint-object_hard_v3-0423,qt-q-rf_1239_sprint-object_hard_v3-0423,142
q-rf_1239_sprint-object_hard_v3-0424,qt-q-rf_1239_sprint-object_hard_v3-0424,143
q-rf_1239_sprint-object_hard_v3-0425,qt-q-rf_1239_sprint-object_hard_v3-0425,144
q-rf_1239_sprint-object_hard_v3-0426,qt-q-rf_1239_sprint-object_hard_v3-0426,145
q-rf_1239_sprint-object_hard_v3-0427,qt-q-rf_1239_sprint-object_hard_v3-0427,146
q-rf_1239_sprint-object_hard_v3-0428,qt-q-rf_1239_sprint-object_hard_v3-0428,147
q-rf_1239_sprint-object_hard_v3-0429,qt-q-rf_1239_sprint-object_hard_v3-0429,148
q-rf_1239_sprint-object_hard_v3-0430,qt-q-rf_1239_sprint-object_hard_v3-0430,149
q-rf_1239_sprint-object_hard_v3-0431,qt-q-rf_1239_sprint-object_hard_v3-0431,150
q-rf_1239_sprint-object_hard_v3-0432,qt-q-rf_1239_sprint-object_hard_v3-0432,151
q-rf_1239_sprint-object_hard_v3-0433,qt-q-rf_1239_sprint-object_hard_v3-0433,152
q-rf_1239_sprint-object_hard_v3-0434,qt-q-rf_1239_sprint-object_hard_v3-0434,153
q-rf_1239_sprint-object_hard_v3-0435,qt-q-rf_1239_sprint-object_hard_v3-0435,154
q-rf_1239_sprint-object_hard_v3-0436,qt-q-rf_1239_sprint-object_hard_v3-0436,155
q-rf_1239_sprint-object_hard_v3-0437,qt-q-rf_1239_sprint-object_hard_v3-0437,156
q-rf_1239_sprint-object_hard_v3-0438,qt-q-rf_1239_sprint-object_hard_v3-0438,157
q-rf_1239_sprint-object_hard_v3-0439,qt-q-rf_1239_sprint-object_hard_v3-0439,158
q-rf_1239_sprint-object_hard_v3-0440,qt-q-rf_1239_sprint-object_hard_v3-0440,159
q-rf_1239_sprint-object_hard_v3-0441,qt-q-rf_1239_sprint-object_hard_v3-0441,160
q-rf_1239_sprint-object_hard_v3-0442,qt-q-rf_1239_sprint-object_hard_v3-0442,161
q-rf_1239_sprint-object_hard_v3-0443,qt-q-rf_1239_sprint-object_hard_v3-0443,162
q-rf_1239_sprint-object_hard_v3-0444,qt-q-rf_1239_sprint-object_hard_v3-0444,163
q-rf_1239_sprint-object_hard_v3-0445,qt-q-rf_1239_sprint-object_hard_v3-0445,164
q-rf_1239_sprint-object_hard_v3-0446,qt-q-rf_1239_sprint-object_hard_v3-0446,165
q-rf_1239_sprint-object_hard_v3-0447,qt-q-rf_1239_sprint-object_hard_v3-0447,166
q-rf_1239_sprint-object_hard_v3-0448,qt-q-rf_1239_sprint-object_hard_v3-0448,167
q-rf_1239_sprint-object_hard_v3-0449,qt-q-rf_1239_sprint-object_hard_v3-0449,168
q-rf_1239_sprint-object_hard_v3-0450,qt-q-rf_1239_sprint-object_hard_v3-0450,169
q-rf_1239_sprint-object_hard_v3-0451,qt-q-rf_1239_sprint-object_hard_v3-0451,170
q-rf_1239_sprint-object_hard_v3-0452,qt-q-rf_1239_sprint-object_hard_v3-0452,171
q-rf_1239_sprint-object_hard_v3-0453,qt-q-rf_1239_sprint-object_hard_v3-0453,172
q-rf_1239_sprint-object_hard_v3-0454,qt-q-rf_1239_sprint-object_hard_v3-0454,173
q-rf_1239_sprint-object_hard_v3-0455,qt-q-rf_1239_sprint-object_hard_v3-0455,174
q-rf_1239_sprint-object_hard_v3-0456,qt-q-rf_1239_sprint-object_hard_v3-0456,175
q-rf_1239_sprint-object_hard_v3-0457,qt-q-rf_1239_sprint-object_hard_v3-0457,176
q-rf_1239_sprint-object_hard_v3-0458,qt-q-rf_1239_sprint-object_hard_v3-0458,177
q-rf_1239_sprint-object_hard_v3-0459,qt-q-rf_1239_sprint-object_hard_v3-0459,178
q-rf_1239_sprint-object_hard_v3-0460,qt-q-rf_1239_sprint-object_hard_v3-0460,179
q-rf_1239_sprint-object_hard_v3-0461,qt-q-rf_1239_sprint-object_hard_v3-0461,180
q-rf_1239_sprint-object_hard_v3-0462,qt-q-rf_1239_sprint-object_hard_v3-0462,181
q-rf_1239_sprint-object_hard_v3-0463,qt-q-rf_1239_sprint-object_hard_v3-0463,182
q-rf_1239_sprint-object_hard_v3-0464,qt-q-rf_1239_sprint-object_hard_v3-0464,183
q-rf_1239_sprint-object_hard_v3-0465,qt-q-rf_1239_sprint-object_hard_v3-0465,184
q-rf_1239_sprint-object_hard_v3-0466,qt-q-rf_1239_sprint-object_hard_v3-0466,185
q-rf_1239_sprint-object_hard_v3-0467,qt-q-rf_1239_sprint-object_hard_v3-0467,186
q-rf_1239_sprint-object_hard_v3-0468,qt-q-rf_1239_sprint-object_hard_v3-0468,187
q-rf_1239_sprint-object_hard_v3-0469,qt-q-rf_1239_sprint-object_hard_v3-0469,188
q-rf_1239_sprint-object_hard_v3-0470,qt-q-rf_1239_sprint-object_hard_v3-0470,189
q-rf_1239_sprint-object_hard_v3-0471,qt-q-rf_1239_sprint-object_hard_v3-0471,190
q-rf_1239_sprint-object_hard_v3-0472,qt-q-rf_1239_sprint-object_hard_v3-0472,191
q-rf_1239_sprint-object_hard_v3-0473,qt-q-rf_1239_sprint-object_hard_v3-0473,192
q-rf_1239_sprint-object_hard_v3-0474,qt-q-rf_1239_sprint-object_hard_v3-0474,193
q-rf_1239_sprint-object_hard_v3-0475,qt-q-rf_1239_sprint-object_hard_v3-0475,194
q-rf_1239_sprint-object_hard_v3-0476,qt-q-rf_1239_sprint-object_hard_v3-0476,195
q-rf_1239_sprint-object_hard_v3-0477,qt-q-rf_1239_sprint-object_hard_v3-0477,196
q-rf_1239_sprint-object_hard_v3-0478,qt-q-rf_1239_sprint-object_hard_v3-0478,197
q-rf_1239_sprint-object_hard_v3-0479,qt-q-rf_1239_sprint-object_hard_v3-0479,198
q-rf_1239_sprint-object_hard_v3-0480,qt-q-rf_1239_sprint-object_hard_v3-0480,199
q-rf_1239_sprint-object_hard_v3-0481,qt-q-rf_1239_sprint-object_hard_v3-0481,200
q-rf_1239_sprint-object_hard_v3-0482,qt-q-rf_1239_sprint-object_hard_v3-0482,201
q-rf_1239_sprint-object_hard_v3-0483,qt-q-rf_1239_sprint-object_hard_v3-0483,202
q-rf_1239_sprint-object_hard_v3-0484,qt-q-rf_1239_sprint-object_hard_v3-0484,203
q-rf_1239_sprint-object_hard_v3-0485,qt-q-rf_1239_sprint-object_hard_v3-0485,204
q-rf_1239_sprint-object_hard_v3-0486,qt-q-rf_1239_sprint-object_hard_v3-0486,205
q-rf_1239_sprint-object_hard_v3-0487,qt-q-rf_1239_sprint-object_hard_v3-0487,206
q-rf_1239_sprint-object_hard_v3-0488,qt-q-rf_1239_sprint-object_hard_v3-0488,207
q-rf_1239_sprint-object_hard_v3-0489,qt-q-rf_1239_sprint-object_hard_v3-0489,208
q-rf_1239_sprint-object_hard_v3-0490,qt-q-rf_1239_sprint-object_hard_v3-0490,209
q-rf_1239_sprint-object_hard_v3-0491,qt-q-rf_1239_sprint-object_hard_v3-0491,210
q-rf_1239_sprint-object_hard_v3-0492,qt-q-rf_1239_sprint-object_hard_v3-0492,211
q-rf_1239_sprint-object_hard_v3-0493,qt-q-rf_1239_sprint-object_hard_v3-0493,212
q-rf_1239_sprint-object_hard_v3-0494,qt-q-rf_1239_sprint-object_hard_v3-0494,213
q-rf_1239_sprint-object_hard_v3-0495,qt-q-rf_1239_sprint-object_hard_v3-0495,214
q-rf_1239_sprint-object_hard_v3-0496,qt-q-rf_1239_sprint-object_hard_v3-0496,215
q-rf_1239_sprint-object_hard_v3-0497,qt-q-rf_1239_sprint-object_hard_v3-0497,216
q-rf_1239_sprint-object_hard_v3-0498,qt-q-rf_1239_sprint-object_hard_v3-0498,217
q-rf_1239_sprint-object_hard_v3-0499,qt-q-rf_1239_sprint-object_hard_v3-0499,218
q-rf_1239_sprint-object_hard_v3-0500,qt-q-rf_1239_sprint-object_hard_v3-0500,219
q-rf_1239_sprint-object_hard_v3-0501,qt-q-rf_1239_sprint-object_hard_v3-0501,220
q-rf_1239_sprint-object_hard_v3-0502,qt-q-rf_1239_sprint-object_hard_v3-0502,221
q-rf_1239_sprint-object_hard_v3-0503,qt-q-rf_1239_sprint-object_hard_v3-0503,222
q-rf_1239_sprint-object_hard_v3-0504,qt-q-rf_1239_sprint-object_hard_v3-0504,223
q-rf_1239_sprint-object_hard_v3-0505,qt-q-rf_1239_sprint-object_hard_v3-0505,224
q-rf_1239_sprint-object_hard_v3-0506,qt-q-rf_1239_sprint-object_hard_v3-0506,225
q-rf_1239_sprint-object_hard_v3-0507,qt-q-rf_1239_sprint-object_hard_v3-0507,226
q-rf_1239_sprint-object_hard_v3-0508,qt-q-rf_1239_sprint-object_hard_v3-0508,227
q-rf_1239_sprint-object_hard_v3-0509,qt-q-rf_1239_sprint-object_hard_v3-0509,228
q-rf_1239_sprint-object_hard_v3-0510,qt-q-rf_1239_sprint-object_hard_v3-0510,229
q-rf_1239_sprint-object_hard_v3-0511,qt-q-rf_1239_sprint-object_hard_v3-0511,230
q-rf_1239_sprint-object_hard_v3-0512,qt-q-rf_1239_sprint-object_hard_v3-0512,231
q-rf_1239_sprint-object_hard_v3-0513,qt-q-rf_1239_sprint-object_hard_v3-0513,232
q-rf_1239_sprint-object_hard_v3-0514,qt-q-rf_1239_sprint-object_hard_v3-0514,233
q-rf_1239_sprint-object_hard_v3-0515,qt-q-rf_1239_sprint-object_hard_v3-0515,234
q-rf_1239_sprint-object_hard_v3-0516,qt-q-rf_1239_sprint-object_hard_v3-0516,235
q-rf_1239_sprint-object_hard_v3-0517,qt-q-rf_1239_sprint-object_hard_v3-0517,236
q-rf_1239_sprint-object_hard_v3-0518,qt-q-rf_1239_sprint-object_hard_v3-0518,237
q-rf_1239_sprint-object_hard_v3-0519,qt-q-rf_1239_sprint-object_hard_v3-0519,238
q-rf_1239_sprint-object_hard_v3-0520,qt-q-rf_1239_sprint-object_hard_v3-0520,239
q-rf_1239_sprint-object_hard_v3-0521,qt-q-rf_1239_sprint-object_hard_v3-0521,240
q-rf_1239_sprint-object_hard_v3-0522,qt-q-rf_1239_sprint-object_hard_v3-0522,241
q-rf_1239_sprint-object_hard_v3-0523,qt-q-rf_1239_sprint-object_hard_v3-0523,242
q-rf_1239_sprint-object_hard_v3-0524,qt-q-rf_1239_sprint-object_hard_v3-0524,243
q-rf_1239_sprint-object_hard_v3-0525,qt-q-rf_1239_sprint-object_hard_v3-0525,244
q-rf_1239_sprint-object_hard_v3-0526,qt-q-rf_1239_sprint-object_hard_v3-0526,245
q-rf_1239_sprint-object_hard_v3-0527,qt-q-rf_1239_sprint-object_hard_v3-0527,246
q-rf_1239_sprint-object_hard_v3-0528,qt-q-rf_1239_sprint-object_hard_v3-0528,247
q-rf_1239_sprint-object_hard_v3-0529,qt-q-rf_1239_sprint-object_hard_v3-0529,248
q-rf_1239_sprint-object_hard_v3-0530,qt-q-rf_1239_sprint-object_hard_v3-0530,249
q-rf_1239_sprint-object_hard_v3-0531,qt-q-rf_1239_sprint-object_hard_v3-0531,250
q-rf_1239_sprint-object_hard_v3-0532,qt-q-rf_1239_sprint-object_hard_v3-0532,251
q-rf_1239_sprint-object_hard_v3-0533,qt-q-rf_1239_sprint-object_hard_v3-0533,252
q-rf_1239_sprint-object_hard_v3-0534,qt-q-rf_1239_sprint-object_hard_v3-0534,253
q-rf_1239_sprint-object_hard_v3-0535,qt-q-rf_1239_sprint-object_hard_v3-0535,254
q-rf_1239_sprint-object_hard_v3-0536,qt-q-rf_1239_sprint-object_hard_v3-0536,255
q-rf_1239_sprint-object_hard_v3-0537,qt-q-rf_1239_sprint-object_hard_v3-0537,256
q-rf_1239_sprint-object_hard_v3-0538,qt-q-rf_1239_sprint-object_hard_v3-0538,257
q-rf_1239_sprint-object_hard_v3-0539,qt-q-rf_1239_sprint-object_hard_v3-0539,258
q-rf_1239_sprint-object_hard_v3-0540,qt-q-rf_1239_sprint-object_hard_v3-0540,259
q-rf_1239_sprint-object_hard_v3-0541,qt-q-rf_1239_sprint-object_hard_v3-0541,260
q-rf_1239_sprint-object_hard_v3-0542,qt-q-rf_1239_sprint-object_hard_v3-0542,261
q-rf_1239_sprint-object_hard_v3-0543,qt-q-rf_1239_sprint-object_hard_v3-0543,262
q-rf_1239_sprint-object_hard_v3-0544,qt-q-rf_1239_sprint-object_hard_v3-0544,263
q-rf_1239_sprint-object_hard_v3-0545,qt-q-rf_1239_sprint-object_hard_v3-0545,264
q-rf_1239_sprint-object_hard_v3-0546,qt-q-rf_1239_sprint-object_hard_v3-0546,265
q-rf_1239_sprint-object_hard_v3-0547,qt-q-rf_1239_sprint-object_hard_v3-0547,266
q-rf_1239_sprint-object_hard_v3-0548,qt-q-rf_1239_sprint-object_hard_v3-0548,267
q-rf_1239_sprint-object_hard_v3-0549,qt-q-rf_1239_sprint-object_hard_v3-0549,268
q-rf_1239_sprint-object_hard_v3-0550,qt-q-rf_1239_sprint-object_hard_v3-0550,269
q-rf_1239_sprint-object_hard_v3-0551,qt-q-rf_1239_sprint-object_hard_v3-0551,270
q-rf_1239_sprint-object_hard_v3-0552,qt-q-rf_1239_sprint-object_hard_v3-0552,271
q-rf_1239_sprint-object_hard_v3-0553,qt-q-rf_1239_sprint-object_hard_v3-0553,272
q-rf_1239_sprint-object_hard_v3-0554,qt-q-rf_1239_sprint-object_hard_v3-0554,273
q-rf_1239_sprint-object_hard_v3-0555,qt-q-rf_1239_sprint-object_hard_v3-0555,274
q-rf_1239_sprint-object_hard_v3-0556,qt-q-rf_1239_sprint-object_hard_v3-0556,275
q-rf_1239_sprint-object_hard_v3-0557,qt-q-rf_1239_sprint-object_hard_v3-0557,276
q-rf_1239_sprint-object_hard_v3-0558,qt-q-rf_1239_sprint-object_hard_v3-0558,277
q-rf_1239_sprint-object_hard_v3-0559,qt-q-rf_1239_sprint-object_hard_v3-0559,278
q-rf_1239_sprint-object_hard_v3-0560,qt-q-rf_1239_sprint-object_hard_v3-0560,279
q-rf_1239_sprint-routing_hard_v3-0001,qt-q-rf_1239_sprint-routing_hard_v3-0001,280
q-rf_1239_sprint-routing_hard_v3-0002,qt-q-rf_1239_sprint-routing_hard_v3-0002,281
q-rf_1239_sprint-routing_hard_v3-0003,qt-q-rf_1239_sprint-routing_hard_v3-0003,282
q-rf_1239_sprint-routing_hard_v3-0004,qt-q-rf_1239_sprint-routing_hard_v3-0004,283
q-rf_1239_sprint-routing_hard_v3-0005,qt-q-rf_1239_sprint-routing_hard_v3-0005,284
q-rf_1239_sprint-routing_hard_v3-0006,qt-q-rf_1239_sprint-routing_hard_v3-0006,285
q-rf_1239_sprint-routing_hard_v3-0007,qt-q-rf_1239_sprint-routing_hard_v3-0007,286
q-rf_1239_sprint-routing_hard_v3-0008,qt-q-rf_1239_sprint-routing_hard_v3-0008,287
q-rf_1239_sprint-routing_hard_v3-0009,qt-q-rf_1239_sprint-routing_hard_v3-0009,288
q-rf_1239_sprint-routing_hard_v3-0010,qt-q-rf_1239_sprint-routing_hard_v3-0010,289
q-rf_1239_sprint-routing_hard_v3-0011,qt-q-rf_1239_sprint-routing_hard_v3-0011,290
q-rf_1239_sprint-routing_hard_v3-0012,qt-q-rf_1239_sprint-routing_hard_v3-0012,291
q-rf_1239_sprint-routing_hard_v3-0013,qt-q-rf_1239_sprint-routing_hard_v3-0013,292
q-rf_1239_sprint-routing_hard_v3-0014,qt-q-rf_1239_sprint-routing_hard_v3-0014,293
q-rf_1239_sprint-routing_hard_v3-0015,qt-q-rf_1239_sprint-routing_hard_v3-0015,294
q-rf_1239_sprint-routing_hard_v3-0016,qt-q-rf_1239_sprint-routing_hard_v3-0016,295
q-rf_1239_sprint-routing_hard_v3-0017,qt-q-rf_1239_sprint-routing_hard_v3-0017,296
q-rf_1239_sprint-routing_hard_v3-0018,qt-q-rf_1239_sprint-routing_hard_v3-0018,297
q-rf_1239_sprint-routing_hard_v3-0019,qt-q-rf_1239_sprint-routing_hard_v3-0019,298
q-rf_1239_sprint-routing_hard_v3-0020,qt-q-rf_1239_sprint-routing_hard_v3-0020,299
q-rf_1239_sprint-routing_hard_v3-0021,qt-q-rf_1239_sprint-routing_hard_v3-0021,300
q-rf_1239_sprint-routing_hard_v3-0022,qt-q-rf_1239_sprint-routing_hard_v3-0022,301
q-rf_1239_sprint-routing_hard_v3-0023,qt-q-rf_1239_sprint-routing_hard_v3-0023,302
q-rf_1239_sprint-routing_hard_v3-0024,qt-q-rf_1239_sprint-routing_hard_v3-0024,303
q-rf_1239_sprint-routing_hard_v3-0025,qt-q-rf_1239_sprint-routing_hard_v3-0025,304
q-rf_1239_sprint-routing_hard_v3-0026,qt-q-rf_1239_sprint-routing_hard_v3-0026,305
q-rf_1239_sprint-routing_hard_v3-0027,qt-q-rf_1239_sprint-routing_hard_v3-0027,306
q-rf_1239_sprint-routing_hard_v3-0028,qt-q-rf_1239_sprint-routing_hard_v3-0028,307
q-rf_1239_sprint-routing_hard_v3-0029,qt-q-rf_1239_sprint-routing_hard_v3-0029,308
q-rf_1239_sprint-routing_hard_v3-0030,qt-q-rf_1239_sprint-routing_hard_v3-0030,309
q-rf_1239_sprint-routing_hard_v3-0031,qt-q-rf_1239_sprint-routing_hard_v3-0031,310
q-rf_1239_sprint-routing_hard_v3-0032,qt-q-rf_1239_sprint-routing_hard_v3-0032,311
q-rf_1239_sprint-routing_hard_v3-0033,qt-q-rf_1239_sprint-routing_hard_v3-0033,312
q-rf_1239_sprint-routing_hard_v3-0034,qt-q-rf_1239_sprint-routing_hard_v3-0034,313
q-rf_1239_sprint-routing_hard_v3-0035,qt-q-rf_1239_sprint-routing_hard_v3-0035,314
q-rf_1239_sprint-routing_hard_v3-0036,qt-q-rf_1239_sprint-routing_hard_v3-0036,315
q-rf_1239_sprint-routing_hard_v3-0037,qt-q-rf_1239_sprint-routing_hard_v3-0037,316
q-rf_1239_sprint-routing_hard_v3-0038,qt-q-rf_1239_sprint-routing_hard_v3-0038,317
q-rf_1239_sprint-routing_hard_v3-0039,qt-q-rf_1239_sprint-routing_hard_v3-0039,318
q-rf_1239_sprint-routing_hard_v3-0040,qt-q-rf_1239_sprint-routing_hard_v3-0040,319
q-rf_1239_sprint-routing_hard_v3-0041,qt-q-rf_1239_sprint-routing_hard_v3-0041,320
q-rf_1239_sprint-routing_hard_v3-0042,qt-q-rf_1239_sprint-routing_hard_v3-0042,321
q-rf_1239_sprint-routing_hard_v3-0043,qt-q-rf_1239_sprint-routing_hard_v3-0043,322
q-rf_1239_sprint-routing_hard_v3-0044,qt-q-rf_1239_sprint-routing_hard_v3-0044,323
q-rf_1239_sprint-routing_hard_v3-0045,qt-q-rf_1239_sprint-routing_hard_v3-0045,324
q-rf_1239_sprint-routing_hard_v3-0046,qt-q-rf_1239_sprint-routing_hard_v3-0046,325
q-rf_1239_sprint-routing_hard_v3-0047,qt-q-rf_1239_sprint-routing_hard_v3-0047,326
q-rf_1239_sprint-routing_hard_v3-0048,qt-q-rf_1239_sprint-routing_hard_v3-0048,327
q-rf_1239_sprint-routing_hard_v3-0049,qt-q-rf_1239_sprint-routing_hard_v3-0049,328
q-rf_1239_sprint-routing_hard_v3-0050,qt-q-rf_1239_sprint-routing_hard_v3-0050,329
q-rf_1239_sprint-routing_hard_v3-0051,qt-q-rf_1239_sprint-routing_hard_v3-0051,330
q-rf_1239_sprint-routing_hard_v3-0052,qt-q-rf_1239_sprint-routing_hard_v3-0052,331
q-rf_1239_sprint-routing_hard_v3-0053,qt-q-rf_1239_sprint-routing_hard_v3-0053,332
q-rf_1239_sprint-routing_hard_v3-0054,qt-q-rf_1239_sprint-routing_hard_v3-0054,333
q-rf_1239_sprint-routing_hard_v3-0055,qt-q-rf_1239_sprint-routing_hard_v3-0055,334
q-rf_1239_sprint-routing_hard_v3-0056,qt-q-rf_1239_sprint-routing_hard_v3-0056,335
q-rf_1239_sprint-routing_hard_v3-0057,qt-q-rf_1239_sprint-routing_hard_v3-0057,336
q-rf_1239_sprint-routing_hard_v3-0058,qt-q-rf_1239_sprint-routing_hard_v3-0058,337
q-rf_1239_sprint-routing_hard_v3-0059,qt-q-rf_1239_sprint-routing_hard_v3-0059,338
q-rf_1239_sprint-routing_hard_v3-0060,qt-q-rf_1239_sprint-routing_hard_v3-0060,339
q-rf_1239_sprint-routing_hard_v3-0061,qt-q-rf_1239_sprint-routing_hard_v3-0061,340
q-rf_1239_sprint-routing_hard_v3-0062,qt-q-rf_1239_sprint-routing_hard_v3-0062,341
q-rf_1239_sprint-routing_hard_v3-0063,qt-q-rf_1239_sprint-routing_hard_v3-0063,342
q-rf_1239_sprint-routing_hard_v3-0064,qt-q-rf_1239_sprint-routing_hard_v3-0064,343
q-rf_1239_sprint-routing_hard_v3-0065,qt-q-rf_1239_sprint-routing_hard_v3-0065,344
q-rf_1239_sprint-routing_hard_v3-0066,qt-q-rf_1239_sprint-routing_hard_v3-0066,345
q-rf_1239_sprint-routing_hard_v3-0067,qt-q-rf_1239_sprint-routing_hard_v3-0067,346
q-rf_1239_sprint-routing_hard_v3-0068,qt-q-rf_1239_sprint-routing_hard_v3-0068,347
q-rf_1239_sprint-routing_hard_v3-0069,qt-q-rf_1239_sprint-routing_hard_v3-0069,348
q-rf_1239_sprint-routing_hard_v3-0070,qt-q-rf_1239_sprint-routing_hard_v3-0070,349
q-rf_1239_sprint-routing_hard_v3-0071,qt-q-rf_1239_sprint-routing_hard_v3-0071,350
q-rf_1239_sprint-routing_hard_v3-0072,qt-q-rf_1239_sprint-routing_hard_v3-0072,351
q-rf_1239_sprint-routing_hard_v3-0073,qt-q-rf_1239_sprint-routing_hard_v3-0073,352
q-rf_1239_sprint-routing_hard_v3-0074,qt-q-rf_1239_sprint-routing_hard_v3-0074,353
q-rf_1239_sprint-routing_hard_v3-0075,qt-q-rf_1239_sprint-routing_hard_v3-0075,354
q-rf_1239_sprint-routing_hard_v3-0076,qt-q-rf_1239_sprint-routing_hard_v3-0076,355
q-rf_1239_sprint-routing_hard_v3-0077,qt-q-rf_1239_sprint-routing_hard_v3-0077,356
q-rf_1239_sprint-routing_hard_v3-0078,qt-q-rf_1239_sprint-routing_hard_v3-0078,357
q-rf_1239_sprint-routing_hard_v3-0079,qt-q-rf_1239_sprint-routing_hard_v3-0079,358
q-rf_1239_sprint-routing_hard_v3-0080,qt-q-rf_1239_sprint-routing_hard_v3-0080,359
q-rf_1239_sprint-routing_hard_v3-0081,qt-q-rf_1239_sprint-routing_hard_v3-0081,360
q-rf_1239_sprint-routing_hard_v3-0082,qt-q-rf_1239_sprint-routing_hard_v3-0082,361
q-rf_1239_sprint-routing_hard_v3-0083,qt-q-rf_1239_sprint-routing_hard_v3-0083,362
q-rf_1239_sprint-routing_hard_v3-0084,qt-q-rf_1239_sprint-routing_hard_v3-0084,363
q-rf_1239_sprint-routing_hard_v3-0085,qt-q-rf_1239_sprint-routing_hard_v3-0085,364
q-rf_1239_sprint-routing_hard_v3-0086,qt-q-rf_1239_sprint-routing_hard_v3-0086,365
q-rf_1239_sprint-routing_hard_v3-0087,qt-q-rf_1239_sprint-routing_hard_v3-0087,366
q-rf_1239_sprint-routing_hard_v3-0088,qt-q-rf_1239_sprint-routing_hard_v3-0088,367
q-rf_1239_sprint-routing_hard_v3-0089,qt-q-rf_1239_sprint-routing_hard_v3-0089,368
q-rf_1239_sprint-routing_hard_v3-0090,qt-q-rf_1239_sprint-routing_hard_v3-0090,369
q-rf_1239_sprint-routing_hard_v3-0091,qt-q-rf_1239_sprint-routing_hard_v3-0091,370
q-rf_1239_sprint-routing_hard_v3-0092,qt-q-rf_1239_sprint-routing_hard_v3-0092,371
q-rf_1239_sprint-routing_hard_v3-0093,qt-q-rf_1239_sprint-routing_hard_v3-0093,372
q-rf_1239_sprint-routing_hard_v3-0094,qt-q-rf_1239_sprint-routing_hard_v3-0094,373
q-rf_1239_sprint-routing_hard_v3-0095,qt-q-rf_1239_sprint-routing_hard_v3-0095,374
q-rf_1239_sprint-routing_hard_v3-0096,qt-q-rf_1239_sprint-routing_hard_v3-0096,375
q-rf_1239_sprint-routing_hard_v3-0097,qt-q-rf_1239_sprint-routing_hard_v3-0097,376
q-rf_1239_sprint-routing_hard_v3-0098,qt-q-rf_1239_sprint-routing_hard_v3-0098,377
q-rf_1239_sprint-routing_hard_v3-0099,qt-q-rf_1239_sprint-routing_hard_v3-0099,378
q-rf_1239_sprint-routing_hard_v3-0100,qt-q-rf_1239_sprint-routing_hard_v3-0100,379
q-rf_1239_sprint-routing_hard_v3-0101,qt-q-rf_1239_sprint-routing_hard_v3-0101,380
q-rf_1239_sprint-routing_hard_v3-0102,qt-q-rf_1239_sprint-routing_hard_v3-0102,381
q-rf_1239_sprint-routing_hard_v3-0103,qt-q-rf_1239_sprint-routing_hard_v3-0103,382
q-rf_1239_sprint-routing_hard_v3-0104,qt-q-rf_1239_sprint-routing_hard_v3-0104,383
q-rf_1239_sprint-routing_hard_v3-0105,qt-q-rf_1239_sprint-routing_hard_v3-0105,384
q-rf_1239_sprint-routing_hard_v3-0106,qt-q-rf_1239_sprint-routing_hard_v3-0106,385
q-rf_1239_sprint-routing_hard_v3-0107,qt-q-rf_1239_sprint-routing_hard_v3-0107,386
q-rf_1239_sprint-routing_hard_v3-0108,qt-q-rf_1239_sprint-routing_hard_v3-0108,387
q-rf_1239_sprint-routing_hard_v3-0109,qt-q-rf_1239_sprint-routing_hard_v3-0109,388
q-rf_1239_sprint-routing_hard_v3-0110,qt-q-rf_1239_sprint-routing_hard_v3-0110,389
q-rf_1239_sprint-routing_hard_v3-0111,qt-q-rf_1239_sprint-routing_hard_v3-0111,390
q-rf_1239_sprint-routing_hard_v3-0112,qt-q-rf_1239_sprint-routing_hard_v3-0112,391
q-rf_1239_sprint-routing_hard_v3-0113,qt-q-rf_1239_sprint-routing_hard_v3-0113,392
q-rf_1239_sprint-routing_hard_v3-0114,qt-q-rf_1239_sprint-routing_hard_v3-0114,393
q-rf_1239_sprint-routing_hard_v3-0115,qt-q-rf_1239_sprint-routing_hard_v3-0115,394
q-rf_1239_sprint-routing_hard_v3-0116,qt-q-rf_1239_sprint-routing_hard_v3-0116,395
q-rf_1239_sprint-routing_hard_v3-0117,qt-q-rf_1239_sprint-routing_hard_v3-0117,396
q-rf_1239_sprint-routing_hard_v3-0118,qt-q-rf_1239_sprint-routing_hard_v3-0118,397
q-rf_1239_sprint-routing_hard_v3-0119,qt-q-rf_1239_sprint-routing_hard_v3-0119,398
q-rf_1239_sprint-routing_hard_v3-0120,qt-q-rf_1239_sprint-routing_hard_v3-0120,399
q-rf_1239_sprint-routing_hard_v3-0121,qt-q-rf_1239_sprint-routing_hard_v3-0121,400
q-rf_1239_sprint-routing_hard_v3-0122,qt-q-rf_1239_sprint-routing_hard_v3-0122,401
q-rf_1239_sprint-routing_hard_v3-0123,qt-q-rf_1239_sprint-routing_hard_v3-0123,402
q-rf_1239_sprint-routing_hard_v3-0124,qt-q-rf_1239_sprint-routing_hard_v3-0124,403
q-rf_1239_sprint-routing_hard_v3-0125,qt-q-rf_1239_sprint-routing_hard_v3-0125,404
q-rf_1239_sprint-routing_hard_v3-0126,qt-q-rf_1239_sprint-routing_hard_v3-0126,405
q-rf_1239_sprint-routing_hard_v3-0127,qt-q-rf_1239_sprint-routing_hard_v3-0127,406
q-rf_1239_sprint-routing_hard_v3-0128,qt-q-rf_1239_sprint-routing_hard_v3-0128,407
q-rf_1239_sprint-routing_hard_v3-0129,qt-q-rf_1239_sprint-routing_hard_v3-0129,408
q-rf_1239_sprint-routing_hard_v3-0130,qt-q-rf_1239_sprint-routing_hard_v3-0130,409
q-rf_1239_sprint-routing_hard_v3-0131,qt-q-rf_1239_sprint-routing_hard_v3-0131,410
q-rf_1239_sprint-routing_hard_v3-0132,qt-q-rf_1239_sprint-routing_hard_v3-0132,411
q-rf_1239_sprint-routing_hard_v3-0133,qt-q-rf_1239_sprint-routing_hard_v3-0133,412
q-rf_1239_sprint-routing_hard_v3-0134,qt-q-rf_1239_sprint-routing_hard_v3-0134,413
q-rf_1239_sprint-routing_hard_v3-0135,qt-q-rf_1239_sprint-routing_hard_v3-0135,414
q-rf_1239_sprint-routing_hard_v3-0136,qt-q-rf_1239_sprint-routing_hard_v3-0136,415
q-rf_1239_sprint-routing_hard_v3-0137,qt-q-rf_1239_sprint-routing_hard_v3-0137,416
q-rf_1239_sprint-routing_hard_v3-0138,qt-q-rf_1239_sprint-routing_hard_v3-0138,417
q-rf_1239_sprint-routing_hard_v3-0139,qt-q-rf_1239_sprint-routing_hard_v3-0139,418
q-rf_1239_sprint-routing_hard_v3-0140,qt-q-rf_1239_sprint-routing_hard_v3-0140,419
q-rf_1239_sprint-routing_hard_v3-0141,qt-q-rf_1239_sprint-routing_hard_v3-0141,420
q-rf_1239_sprint-routing_hard_v3-0142,qt-q-rf_1239_sprint-routing_hard_v3-0142,421
q-rf_1239_sprint-routing_hard_v3-0143,qt-q-rf_1239_sprint-routing_hard_v3-0143,422
q-rf_1239_sprint-routing_hard_v3-0144,qt-q-rf_1239_sprint-routing_hard_v3-0144,423
q-rf_1239_sprint-routing_hard_v3-0145,qt-q-rf_1239_sprint-routing_hard_v3-0145,424
q-rf_1239_sprint-routing_hard_v3-0146,qt-q-rf_1239_sprint-routing_hard_v3-0146,425
q-rf_1239_sprint-routing_hard_v3-0147,qt-q-rf_1239_sprint-routing_hard_v3-0147,426
q-rf_1239_sprint-routing_hard_v3-0148,qt-q-rf_1239_sprint-routing_hard_v3-0148,427
q-rf_1239_sprint-routing_hard_v3-0149,qt-q-rf_1239_sprint-routing_hard_v3-0149,428
q-rf_1239_sprint-routing_hard_v3-0150,qt-q-rf_1239_sprint-routing_hard_v3-0150,429
q-rf_1239_sprint-routing_hard_v3-0151,qt-q-rf_1239_sprint-routing_hard_v3-0151,430
q-rf_1239_sprint-routing_hard_v3-0152,qt-q-rf_1239_sprint-routing_hard_v3-0152,431
q-rf_1239_sprint-routing_hard_v3-0153,qt-q-rf_1239_sprint-routing_hard_v3-0153,432
q-rf_1239_sprint-routing_hard_v3-0154,qt-q-rf_1239_sprint-routing_hard_v3-0154,433
q-rf_1239_sprint-routing_hard_v3-0155,qt-q-rf_1239_sprint-routing_hard_v3-0155,434
q-rf_1239_sprint-routing_hard_v3-0156,qt-q-rf_1239_sprint-routing_hard_v3-0156,435
q-rf_1239_sprint-routing_hard_v3-0157,qt-q-rf_1239_sprint-routing_hard_v3-0157,436
q-rf_1239_sprint-routing_hard_v3-0158,qt-q-rf_1239_sprint-routing_hard_v3-0158,437
q-rf_1239_sprint-routing_hard_v3-0159,qt-q-rf_1239_sprint-routing_hard_v3-0159,438
q-rf_1239_sprint-routing_hard_v3-0160,qt-q-rf_1239_sprint-routing_hard_v3-0160,439
q-rf_1239_sprint-routing_hard_v3-0161,qt-q-rf_1239_sprint-routing_hard_v3-0161,440
q-rf_1239_sprint-routing_hard_v3-0162,qt-q-rf_1239_sprint-routing_hard_v3-0162,441
q-rf_1239_sprint-routing_hard_v3-0163,qt-q-rf_1239_sprint-routing_hard_v3-0163,442
q-rf_1239_sprint-routing_hard_v3-0164,qt-q-rf_1239_sprint-routing_hard_v3-0164,443
q-rf_1239_sprint-routing_hard_v3-0165,qt-q-rf_1239_sprint-routing_hard_v3-0165,444
q-rf_1239_sprint-routing_hard_v3-0166,qt-q-rf_1239_sprint-routing_hard_v3-0166,445
q-rf_1239_sprint-routing_hard_v3-0167,qt-q-rf_1239_sprint-routing_hard_v3-0167,446
q-rf_1239_sprint-routing_hard_v3-0168,qt-q-rf_1239_sprint-routing_hard_v3-0168,447
q-rf_1239_sprint-routing_hard_v3-0169,qt-q-rf_1239_sprint-routing_hard_v3-0169,448
q-rf_1239_sprint-routing_hard_v3-0170,qt-q-rf_1239_sprint-routing_hard_v3-0170,449
q-rf_1239_sprint-routing_hard_v3-0171,qt-q-rf_1239_sprint-routing_hard_v3-0171,450
q-rf_1239_sprint-routing_hard_v3-0172,qt-q-rf_1239_sprint-routing_hard_v3-0172,451
q-rf_1239_sprint-routing_hard_v3-0173,qt-q-rf_1239_sprint-routing_hard_v3-0173,452
q-rf_1239_sprint-routing_hard_v3-0174,qt-q-rf_1239_sprint-routing_hard_v3-0174,453
q-rf_1239_sprint-routing_hard_v3-0175,qt-q-rf_1239_sprint-routing_hard_v3-0175,454
q-rf_1239_sprint-routing_hard_v3-0176,qt-q-rf_1239_sprint-routing_hard_v3-0176,455
q-rf_1239_sprint-routing_hard_v3-0177,qt-q-rf_1239_sprint-routing_hard_v3-0177,456
q-rf_1239_sprint-routing_hard_v3-0178,qt-q-rf_1239_sprint-routing_hard_v3-0178,457
q-rf_1239_sprint-routing_hard_v3-0179,qt-q-rf_1239_sprint-routing_hard_v3-0179,458
q-rf_1239_sprint-routing_hard_v3-0180,qt-q-rf_1239_sprint-routing_hard_v3-0180,459
q-rf_1239_sprint-routing_hard_v3-0181,qt-q-rf_1239_sprint-routing_hard_v3-0181,460
q-rf_1239_sprint-routing_hard_v3-0182,qt-q-rf_1239_sprint-routing_hard_v3-0182,461
q-rf_1239_sprint-routing_hard_v3-0183,qt-q-rf_1239_sprint-routing_hard_v3-0183,462
q-rf_1239_sprint-routing_hard_v3-0184,qt-q-rf_1239_sprint-routing_hard_v3-0184,463
q-rf_1239_sprint-routing_hard_v3-0185,qt-q-rf_1239_sprint-routing_hard_v3-0185,464
q-rf_1239_sprint-routing_hard_v3-0186,qt-q-rf_1239_sprint-routing_hard_v3-0186,465
q-rf_1239_sprint-routing_hard_v3-0187,qt-q-rf_1239_sprint-routing_hard_v3-0187,466
q-rf_1239_sprint-routing_hard_v3-0188,qt-q-rf_1239_sprint-routing_hard_v3-0188,467
q-rf_1239_sprint-routing_hard_v3-0189,qt-q-rf_1239_sprint-routing_hard_v3-0189,468
q-rf_1239_sprint-routing_hard_v3-0190,qt-q-rf_1239_sprint-routing_hard_v3-0190,469
q-rf_1239_sprint-routing_hard_v3-0191,qt-q-rf_1239_sprint-routing_hard_v3-0191,470
q-rf_1239_sprint-routing_hard_v3-0192,qt-q-rf_1239_sprint-routing_hard_v3-0192,471
q-rf_1239_sprint-routing_hard_v3-0193,qt-q-rf_1239_sprint-routing_hard_v3-0193,472
q-rf_1239_sprint-routing_hard_v3-0194,qt-q-rf_1239_sprint-routing_hard_v3-0194,473
q-rf_1239_sprint-routing_hard_v3-0195,qt-q-rf_1239_sprint-routing_hard_v3-0195,474
q-rf_1239_sprint-routing_hard_v3-0196,qt-q-rf_1239_sprint-routing_hard_v3-0196,475
q-rf_1239_sprint-routing_hard_v3-0197,qt-q-rf_1239_sprint-routing_hard_v3-0197,476
q-rf_1239_sprint-routing_hard_v3-0198,qt-q-rf_1239_sprint-routing_hard_v3-0198,477
q-rf_1239_sprint-routing_hard_v3-0199,qt-q-rf_1239_sprint-routing_hard_v3-0199,478
q-rf_1239_sprint-routing_hard_v3-0200,qt-q-rf_1239_sprint-routing_hard_v3-0200,479
q-rf_1239_sprint-routing_hard_v3-0201,qt-q-rf_1239_sprint-routing_hard_v3-0201,480
q-rf_1239_sprint-routing_hard_v3-0202,qt-q-rf_1239_sprint-routing_hard_v3-0202,481
q-rf_1239_sprint-routing_hard_v3-0203,qt-q-rf_1239_sprint-routing_hard_v3-0203,482
q-rf_1239_sprint-routing_hard_v3-0204,qt-q-rf_1239_sprint-routing_hard_v3-0204,483
q-rf_1239_sprint-routing_hard_v3-0205,qt-q-rf_1239_sprint-routing_hard_v3-0205,484
q-rf_1239_sprint-routing_hard_v3-0206,qt-q-rf_1239_sprint-routing_hard_v3-0206,485
q-rf_1239_sprint-routing_hard_v3-0207,qt-q-rf_1239_sprint-routing_hard_v3-0207,486
q-rf_1239_sprint-routing_hard_v3-0208,qt-q-rf_1239_sprint-routing_hard_v3-0208,487
q-rf_1239_sprint-routing_hard_v3-0209,qt-q-rf_1239_sprint-routing_hard_v3-0209,488
q-rf_1239_sprint-routing_hard_v3-0210,qt-q-rf_1239_sprint-routing_hard_v3-0210,489
q-rf_1239_sprint-routing_hard_v3-0211,qt-q-rf_1239_sprint-routing_hard_v3-0211,490
q-rf_1239_sprint-routing_hard_v3-0212,qt-q-rf_1239_sprint-routing_hard_v3-0212,491
q-rf_1239_sprint-routing_hard_v3-0213,qt-q-rf_1239_sprint-routing_hard_v3-0213,492
q-rf_1239_sprint-routing_hard_v3-0214,qt-q-rf_1239_sprint-routing_hard_v3-0214,493
q-rf_1239_sprint-routing_hard_v3-0215,qt-q-rf_1239_sprint-routing_hard_v3-0215,494
q-rf_1239_sprint-routing_hard_v3-0216,qt-q-rf_1239_sprint-routing_hard_v3-0216,495
q-rf_1239_sprint-routing_hard_v3-0217,qt-q-rf_1239_sprint-routing_hard_v3-0217,496
q-rf_1239_sprint-routing_hard_v3-0218,qt-q-rf_1239_sprint-routing_hard_v3-0218,497
q-rf_1239_sprint-routing_hard_v3-0219,qt-q-rf_1239_sprint-routing_hard_v3-0219,498
q-rf_1239_sprint-routing_hard_v3-0220,qt-q-rf_1239_sprint-routing_hard_v3-0220,499
q-rf_1239_sprint-routing_hard_v3-0221,qt-q-rf_1239_sprint-routing_hard_v3-0221,500
q-rf_1239_sprint-routing_hard_v3-0222,qt-q-rf_1239_sprint-routing_hard_v3-0222,501
q-rf_1239_sprint-routing_hard_v3-0223,qt-q-rf_1239_sprint-routing_hard_v3-0223,502
q-rf_1239_sprint-routing_hard_v3-0224,qt-q-rf_1239_sprint-routing_hard_v3-0224,503
q-rf_1239_sprint-routing_hard_v3-0225,qt-q-rf_1239_sprint-routing_hard_v3-0225,504
q-rf_1239_sprint-routing_hard_v3-0226,qt-q-rf_1239_sprint-routing_hard_v3-0226,505
q-rf_1239_sprint-routing_hard_v3-0227,qt-q-rf_1239_sprint-routing_hard_v3-0227,506
q-rf_1239_sprint-routing_hard_v3-0228,qt-q-rf_1239_sprint-routing_hard_v3-0228,507
q-rf_1239_sprint-routing_hard_v3-0229,qt-q-rf_1239_sprint-routing_hard_v3-0229,508
q-rf_1239_sprint-routing_hard_v3-0230,qt-q-rf_1239_sprint-routing_hard_v3-0230,509
q-rf_1239_sprint-routing_hard_v3-0231,qt-q-rf_1239_sprint-routing_hard_v3-0231,510
q-rf_1239_sprint-routing_hard_v3-0232,qt-q-rf_1239_sprint-routing_hard_v3-0232,511
q-rf_1239_sprint-routing_hard_v3-0233,qt-q-rf_1239_sprint-routing_hard_v3-0233,512
q-rf_1239_sprint-routing_hard_v3-0234,qt-q-rf_1239_sprint-routing_hard_v3-0234,513
q-rf_1239_sprint-routing_hard_v3-0235,qt-q-rf_1239_sprint-routing_hard_v3-0235,514
q-rf_1239_sprint-routing_hard_v3-0236,qt-q-rf_1239_sprint-routing_hard_v3-0236,515
q-rf_1239_sprint-routing_hard_v3-0237,qt-q-rf_1239_sprint-routing_hard_v3-0237,516
q-rf_1239_sprint-routing_hard_v3-0238,qt-q-rf_1239_sprint-routing_hard_v3-0238,517
q-rf_1239_sprint-routing_hard_v3-0239,qt-q-rf_1239_sprint-routing_hard_v3-0239,518
q-rf_1239_sprint-routing_hard_v3-0240,qt-q-rf_1239_sprint-routing_hard_v3-0240,519
q-rf_1239_sprint-routing_hard_v3-0241,qt-q-rf_1239_sprint-routing_hard_v3-0241,520
q-rf_1239_sprint-routing_hard_v3-0242,qt-q-rf_1239_sprint-routing_hard_v3-0242,521
q-rf_1239_sprint-routing_hard_v3-0243,qt-q-rf_1239_sprint-routing_hard_v3-0243,522
q-rf_1239_sprint-routing_hard_v3-0244,qt-q-rf_1239_sprint-routing_hard_v3-0244,523
q-rf_1239_sprint-routing_hard_v3-0245,qt-q-rf_1239_sprint-routing_hard_v3-0245,524
q-rf_1239_sprint-routing_hard_v3-0246,qt-q-rf_1239_sprint-routing_hard_v3-0246,525
q-rf_1239_sprint-routing_hard_v3-0247,qt-q-rf_1239_sprint-routing_hard_v3-0247,526
q-rf_1239_sprint-routing_hard_v3-0248,qt-q-rf_1239_sprint-routing_hard_v3-0248,527
q-rf_1239_sprint-routing_hard_v3-0249,qt-q-rf_1239_sprint-routing_hard_v3-0249,528
q-rf_1239_sprint-routing_hard_v3-0250,qt-q-rf_1239_sprint-routing_hard_v3-0250,529
q-rf_1239_sprint-routing_hard_v3-0251,qt-q-rf_1239_sprint-routing_hard_v3-0251,530
q-rf_1239_sprint-routing_hard_v3-0252,qt-q-rf_1239_sprint-routing_hard_v3-0252,531
q-rf_1239_sprint-routing_hard_v3-0253,qt-q-rf_1239_sprint-routing_hard_v3-0253,532
q-rf_1239_sprint-routing_hard_v3-0254,qt-q-rf_1239_sprint-routing_hard_v3-0254,533
q-rf_1239_sprint-routing_hard_v3-0255,qt-q-rf_1239_sprint-routing_hard_v3-0255,534
q-rf_1239_sprint-routing_hard_v3-0256,qt-q-rf_1239_sprint-routing_hard_v3-0256,535
q-rf_1239_sprint-routing_hard_v3-0257,qt-q-rf_1239_sprint-routing_hard_v3-0257,536
q-rf_1239_sprint-routing_hard_v3-0258,qt-q-rf_1239_sprint-routing_hard_v3-0258,537
q-rf_1239_sprint-routing_hard_v3-0259,qt-q-rf_1239_sprint-routing_hard_v3-0259,538
q-rf_1239_sprint-routing_hard_v3-0260,qt-q-rf_1239_sprint-routing_hard_v3-0260,539
q-rf_1239_sprint-routing_hard_v3-0261,qt-q-rf_1239_sprint-routing_hard_v3-0261,540
q-rf_1239_sprint-routing_hard_v3-0262,qt-q-rf_1239_sprint-routing_hard_v3-0262,541
q-rf_1239_sprint-routing_hard_v3-0263,qt-q-rf_1239_sprint-routing_hard_v3-0263,542
q-rf_1239_sprint-routing_hard_v3-0264,qt-q-rf_1239_sprint-routing_hard_v3-0264,543
q-rf_1239_sprint-routing_hard_v3-0265,qt-q-rf_1239_sprint-routing_hard_v3-0265,544
q-rf_1239_sprint-routing_hard_v3-0266,qt-q-rf_1239_sprint-routing_hard_v3-0266,545
q-rf_1239_sprint-routing_hard_v3-0267,qt-q-rf_1239_sprint-routing_hard_v3-0267,546
q-rf_1239_sprint-routing_hard_v3-0268,qt-q-rf_1239_sprint-routing_hard_v3-0268,547
q-rf_1239_sprint-routing_hard_v3-0269,qt-q-rf_1239_sprint-routing_hard_v3-0269,548
q-rf_1239_sprint-routing_hard_v3-0270,qt-q-rf_1239_sprint-routing_hard_v3-0270,549
q-rf_1239_sprint-routing_hard_v3-0271,qt-q-rf_1239_sprint-routing_hard_v3-0271,550
q-rf_1239_sprint-routing_hard_v3-0272,qt-q-rf_1239_sprint-routing_hard_v3-0272,551
q-rf_1239_sprint-routing_hard_v3-0273,qt-q-rf_1239_sprint-routing_hard_v3-0273,552
q-rf_1239_sprint-routing_hard_v3-0274,qt-q-rf_1239_sprint-routing_hard_v3-0274,553
q-rf_1239_sprint-routing_hard_v3-0275,qt-q-rf_1239_sprint-routing_hard_v3-0275,554
q-rf_1239_sprint-routing_hard_v3-0276,qt-q-rf_1239_sprint-routing_hard_v3-0276,555
q-rf_1239_sprint-routing_hard_v3-0277,qt-q-rf_1239_sprint-routing_hard_v3-0277,556
q-rf_1239_sprint-routing_hard_v3-0278,qt-q-rf_1239_sprint-routing_hard_v3-0278,557
q-rf_1239_sprint-routing_hard_v3-0279,qt-q-rf_1239_sprint-routing_hard_v3-0279,558
q-rf_1239_sprint-routing_hard_v3-0280,qt-q-rf_1239_sprint-routing_hard_v3-0280,559
q-rf_1239_sprint-sanity_appendix_v3-0561,qt-q-rf_1239_sprint-sanity_appendix_v3-0561,560
q-rf_1239_sprint-sanity_appendix_v3-0562,qt-q-rf_1239_sprint-sanity_appendix_v3-0562,561
q-rf_1239_sprint-sanity_appendix_v3-0563,qt-q-rf_1239_sprint-sanity_appendix_v3-0563,562
q-rf_1239_sprint-sanity_appendix_v3-0564,qt-q-rf_1239_sprint-sanity_appendix_v3-0564,563
q-rf_1239_sprint-sanity_appendix_v3-0565,qt-q-rf_1239_sprint-sanity_appendix_v3-0565,564
q-rf_1239_sprint-sanity_appendix_v3-0566,qt-q-rf_1239_sprint-sanity_appendix_v3-0566,565
q-rf_1239_sprint-sanity_appendix_v3-0567,qt-q-rf_1239_sprint-sanity_appendix_v3-0567,566
q-rf_1239_sprint-sanity_appendix_v3-0568,qt-q-rf_1239_sprint-sanity_appendix_v3-0568,567
q-rf_1239_sprint-sanity_appendix_v3-0569,qt-q-rf_1239_sprint-sanity_appendix_v3-0569,568
q-rf_1239_sprint-sanity_appendix_v3-0570,qt-q-rf_1239_sprint-sanity_appendix_v3-0570,569
q-rf_1239_sprint-sanity_appendix_v3-0571,qt-q-rf_1239_sprint-sanity_appendix_v3-0571,570
q-rf_1239_sprint-sanity_appendix_v3-0572,qt-q-rf_1239_sprint-sanity_appendix_v3-0572,571
q-rf_1239_sprint-sanity_appendix_v3-0573,qt-q-rf_1239_sprint-sanity_appendix_v3-0573,572
q-rf_1239_sprint-sanity_appendix_v3-0574,qt-q-rf_1239_sprint-sanity_appendix_v3-0574,573
q-rf_1239_sprint-sanity_appendix_v3-0575,qt-q-rf_1239_sprint-sanity_appendix_v3-0575,574
q-rf_1239_sprint-sanity_appendix_v3-0576,qt-q-rf_1239_sprint-sanity_appendix_v3-0576,575
q-rf_1239_sprint-sanity_appendix_v3-0577,qt-q-rf_1239_sprint-sanity_appendix_v3-0577,576
q-rf_1239_sprint-sanity_appendix_v3-0578,qt-q-rf_1239_sprint-sanity_appendix_v3-0578,577
q-rf_1239_sprint-sanity_appendix_v3-0579,qt-q-rf_1239_sprint-sanity_appendix_v3-0579,578
q-rf_1239_sprint-sanity_appendix_v3-0580,qt-q-rf_1239_sprint-sanity_appendix_v3-0580,579
q-rf_1239_sprint-sanity_appendix_v3-0581,qt-q-rf_1239_sprint-sanity_appendix_v3-0581,580
q-rf_1239_sprint-sanity_appendix_v3-0582,qt-q-rf_1239_sprint-sanity_appendix_v3-0582,581
q-rf_1239_sprint-sanity_appendix_v3-0583,qt-q-rf_1239_sprint-sanity_appendix_v3-0583,582
q-rf_1239_sprint-sanity_appendix_v3-0584,qt-q-rf_1239_sprint-sanity_appendix_v3-0584,583
q-rf_1239_sprint-sanity_appendix_v3-0585,qt-q-rf_1239_sprint-sanity_appendix_v3-0585,584
q-rf_1239_sprint-sanity_appendix_v3-0586,qt-q-rf_1239_sprint-sanity_appendix_v3-0586,585
q-rf_1239_sprint-sanity_appendix_v3-0587,qt-q-rf_1239_sprint-sanity_appendix_v3-0587,586
q-rf_1239_sprint-sanity_appendix_v3-0588,qt-q-rf_1239_sprint-sanity_appendix_v3-0588,587
q-rf_1239_sprint-sanity_appendix_v3-0589,qt-q-rf_1239_sprint-sanity_appendix_v3-0589,588
q-rf_1239_sprint-sanity_appendix_v3-0590,qt-q-rf_1239_sprint-sanity_appendix_v3-0590,589
q-rf_1239_sprint-sanity_appendix_v3-0591,qt-q-rf_1239_sprint-sanity_appendix_v3-0591,590
q-rf_1239_sprint-sanity_appendix_v3-0592,qt-q-rf_1239_sprint-sanity_appendix_v3-0592,591
q-rf_1239_sprint-sanity_appendix_v3-0593,qt-q-rf_1239_sprint-sanity_appendix_v3-0593,592
q-rf_1239_sprint-sanity_appendix_v3-0594,qt-q-rf_1239_sprint-sanity_appendix_v3-0594,593
q-rf_1239_sprint-sanity_appendix_v3-0595,qt-q-rf_1239_sprint-sanity_appendix_v3-0595,594
q-rf_1239_sprint-sanity_appendix_v3-0596,qt-q-rf_1239_sprint-sanity_appendix_v3-0596,595
q-rf_1239_sprint-sanity_appendix_v3-0597,qt-q-rf_1239_sprint-sanity_appendix_v3-0597,596
q-rf_1239_sprint-sanity_appendix_v3-0598,qt-q-rf_1239_sprint-sanity_appendix_v3-0598,597
q-rf_1239_sprint-sanity_appendix_v3-0599,qt-q-rf_1239_sprint-sanity_appendix_v3-0599,598
q-rf_1239_sprint-sanity_appendix_v3-0600,qt-q-rf_1239_sprint-sanity_appendix_v3-0600,599
q-rf_1239_sprint-sanity_appendix_v3-0601,qt-q-rf_1239_sprint-sanity_appendix_v3-0601,600
q-rf_1239_sprint-sanity_appendix_v3-0602,qt-q-rf_1239_sprint-sanity_appendix_v3-0602,601
q-rf_1239_sprint-sanity_appendix_v3-0603,qt-q-rf_1239_sprint-sanity_appendix_v3-0603,602
q-rf_1239_sprint-sanity_appendix_v3-0604,qt-q-rf_1239_sprint-sanity_appendix_v3-0604,603
q-rf_1239_sprint-sanity_appendix_v3-0605,qt-q-rf_1239_sprint-sanity_appendix_v3-0605,604
q-rf_1239_sprint-sanity_appendix_v3-0606,qt-q-rf_1239_sprint-sanity_appendix_v3-0606,605
q-rf_1239_sprint-sanity_appendix_v3-0607,qt-q-rf_1239_sprint-sanity_appendix_v3-0607,606
q-rf_1239_sprint-sanity_appendix_v3-0608,qt-q-rf_1239_sprint-sanity_appendix_v3-0608,607
q-rf_1239_sprint-sanity_appendix_v3-0609,qt-q-rf_1239_sprint-sanity_appendix_v3-0609,608
q-rf_1239_sprint-sanity_appendix_v3-0610,qt-q-rf_1239_sprint-sanity_appendix_v3-0610,609
q-rf_1239_sprint-sanity_appendix_v3-0611,qt-q-rf_1239_sprint-sanity_appendix_v3-0611,610
q-rf_1239_sprint-sanity_appendix_v3-0612,qt-q-rf_1239_sprint-sanity_appendix_v3-0612,611
q-rf_1239_sprint-sanity_appendix_v3-0613,qt-q-rf_1239_sprint-sanity_appendix_v3-0613,612
q-rf_1239_sprint-sanity_appendix_v3-0614,qt-q-rf_1239_sprint-sanity_appendix_v3-0614,613
q-rf_1239_sprint-sanity_appendix_v3-0615,qt-q-rf_1239_sprint-sanity_appendix_v3-0615,614
q-rf_1239_sprint-sanity_appendix_v3-0616,qt-q-rf_1239_sprint-sanity_appendix_v3-0616,615
q-rf_1239_sprint-sanity_appendix_v3-0617,qt-q-rf_1239_sprint-sanity_appendix_v3-0617,616
q-rf_1239_sprint-sanity_appendix_v3-0618,qt-q-rf_1239_sprint-sanity_appendix_v3-0618,617
q-rf_1239_sprint-sanity_appendix_v3-0619,qt-q-rf_1239_sprint-sanity_appendix_v3-0619,618
q-rf_1239_sprint-sanity_appendix_v3-0620,qt-q-rf_1239_sprint-sanity_appendix_v3-0620,619
q-rf_1239_sprint-sanity_appendix_v3-0621,qt-q-rf_1239_sprint-sanity_appendix_v3-0621,620
q-rf_1239_sprint-sanity_appendix_v3-0622,qt-q-rf_1239_sprint-sanity_appendix_v3-0622,621
q-rf_1239_sprint-sanity_appendix_v3-0623,qt-q-rf_1239_sprint-sanity_appendix_v3-0623,622
q-rf_1239_sprint-sanity_appendix_v3-0624,qt-q-rf_1239_sprint-sanity_appendix_v3-0624,623
q-rf_1239_sprint-sanity_appendix_v3-0625,qt-q-rf_1239_sprint-sanity_appendix_v3-0625,624
q-rf_1239_sprint-sanity_appendix_v3-0626,qt-q-rf_1239_sprint-sanity_appendix_v3-0626,625
q-rf_1239_sprint-sanity_appendix_v3-0627,qt-q-rf_1239_sprint-sanity_appendix_v3-0627,626
q-rf_1239_sprint-sanity_appendix_v3-0628,qt-q-rf_1239_sprint-sanity_appendix_v3-0628,627
q-rf_1239_sprint-sanity_appendix_v3-0629,qt-q-rf_1239_sprint-sanity_appendix_v3-0629,628
q-rf_1239_sprint-sanity_appendix_v3-0630,qt-q-rf_1239_sprint-sanity_appendix_v3-0630,629
q-rf_1239_sprint-sanity_appendix_v3-0631,qt-q-rf_1239_sprint-sanity_appendix_v3-0631,630
q-rf_1239_sprint-sanity_appendix_v3-0632,qt-q-rf_1239_sprint-sanity_appendix_v3-0632,631
q-rf_1239_sprint-sanity_appendix_v3-0633,qt-q-rf_1239_sprint-sanity_appendix_v3-0633,632
q-rf_1239_sprint-sanity_appendix_v3-0634,qt-q-rf_1239_sprint-sanity_appendix_v3-0634,633
q-rf_1239_sprint-sanity_appendix_v3-0635,qt-q-rf_1239_sprint-sanity_appendix_v3-0635,634
q-rf_1239_sprint-sanity_appendix_v3-0636,qt-q-rf_1239_sprint-sanity_appendix_v3-0636,635
q-rf_1239_sprint-sanity_appendix_v3-0637,qt-q-rf_1239_sprint-sanity_appendix_v3-0637,636
q-rf_1239_sprint-sanity_appendix_v3-0638,qt-q-rf_1239_sprint-sanity_appendix_v3-0638,637
q-rf_1239_sprint-sanity_appendix_v3-0639,qt-q-rf_1239_sprint-sanity_appendix_v3-0639,638
q-rf_1239_sprint-sanity_appendix_v3-0640,qt-q-rf_1239_sprint-sanity_appendix_v3-0640,639
q-rf_1239_sprint-sanity_appendix_v3-0641,qt-q-rf_1239_sprint-sanity_appendix_v3-0641,640
q-rf_1239_sprint-sanity_appendix_v3-0642,qt-q-rf_1239_sprint-sanity_appendix_v3-0642,641
q-rf_1239_sprint-sanity_appendix_v3-0643,qt-q-rf_1239_sprint-sanity_appendix_v3-0643,642
q-rf_1239_sprint-sanity_appendix_v3-0644,qt-q-rf_1239_sprint-sanity_appendix_v3-0644,643
q-rf_1239_sprint-sanity_appendix_v3-0645,qt-q-rf_1239_sprint-sanity_appendix_v3-0645,644
q-rf_1239_sprint-sanity_appendix_v3-0646,qt-q-rf_1239_sprint-sanity_appendix_v3-0646,645
q-rf_1239_sprint-sanity_appendix_v3-0647,qt-q-rf_1239_sprint-sanity_appendix_v3-0647,646
q-rf_1239_sprint-sanity_appendix_v3-0648,qt-q-rf_1239_sprint-sanity_appendix_v3-0648,647
q-rf_1239_sprint-sanity_appendix_v3-0649,qt-q-rf_1239_sprint-sanity_appendix_v3-0649,648
q-rf_1239_sprint-sanity_appendix_v3-0650,qt-q-rf_1239_sprint-sanity_appendix_v3-0650,649
q-rf_1239_sprint-sanity_appendix_v3-0651,qt-q-rf_1239_sprint-sanity_appendix_v3-0651,650
q-rf_1239_sprint-sanity_appendix_v3-0652,qt-q-rf_1239_sprint-sanity_appendix_v3-0652,651
q-rf_1239_sprint-sanity_appendix_v3-0653,qt-q-rf_1239_sprint-sanity_appendix_v3-0653,652
q-rf_1239_sprint-sanity_appendix_v3-0654,qt-q-rf_1239_sprint-sanity_appendix_v3-0654,653
q-rf_1239_sprint-sanity_appendix_v3-0655,qt-q-rf_1239_sprint-sanity_appendix_v3-0655,654
q-rf_1239_sprint-sanity_appendix_v3-0656,qt-q-rf_1239_sprint-sanity_appendix_v3-0656,655
q-rf_1239_sprint-sanity_appendix_v3-0657,qt-q-rf_1239_sprint-sanity_appendix_v3-0657,656
q-rf_1239_sprint-sanity_appendix_v3-0658,qt-q-rf_1239_sprint-sanity_appendix_v3-0658,657
q-rf_1239_sprint-sanity_appendix_v3-0659,qt-q-rf_1239_sprint-sanity_appendix_v3-0659,658
q-rf_1239_sprint-sanity_appendix_v3-0660,qt-q-rf_1239_sprint-sanity_appendix_v3-0660,659
q-rf_1239_sprint-sanity_appendix_v3-0661,qt-q-rf_1239_sprint-sanity_appendix_v3-0661,660
q-rf_1239_sprint-sanity_appendix_v3-0662,qt-q-rf_1239_sprint-sanity_appendix_v3-0662,661
q-rf_1239_sprint-sanity_appendix_v3-0663,qt-q-rf_1239_sprint-sanity_appendix_v3-0663,662
q-rf_1239_sprint-sanity_appendix_v3-0664,qt-q-rf_1239_sprint-sanity_appendix_v3-0664,663
q-rf_1239_sprint-sanity_appendix_v3-0665,qt-q-rf_1239_sprint-sanity_appendix_v3-0665,664
q-rf_1239_sprint-sanity_appendix_v3-0666,qt-q-rf_1239_sprint-sanity_appendix_v3-0666,665
q-rf_1239_sprint-sanity_appendix_v3-0667,qt-q-rf_1239_sprint-sanity_appendix_v3-0667,666
q-rf_1239_sprint-sanity_appendix_v3-0668,qt-q-rf_1239_sprint-sanity_appendix_v3-0668,667
q-rf_1239_sprint-sanity_appendix_v3-0669,qt-q-rf_1239_sprint-sanity_appendix_v3-0669,668
q-rf_1239_sprint-sanity_appendix_v3-0670,qt-q-rf_1239_sprint-sanity_appendix_v3-0670,669
q-rf_1239_sprint-sanity_appendix_v3-0671,qt-q-rf_1239_sprint-sanity_appendix_v3-0671,670
q-rf_1239_sprint-sanity_appendix_v3-0672,qt-q-rf_1239_sprint-sanity_appendix_v3-0672,671
q-rf_1239_sprint-sanity_appendix_v3-0673,qt-q-rf_1239_sprint-sanity_appendix_v3-0673,672
q-rf_1239_sprint-sanity_appendix_v3-0674,qt-q-rf_1239_sprint-sanity_appendix_v3-0674,673
q-rf_1239_sprint-sanity_appendix_v3-0675,qt-q-rf_1239_sprint-sanity_appendix_v3-0675,674
q-rf_1239_sprint-sanity_appendix_v3-0676,qt-q-rf_1239_sprint-sanity_appendix_v3-0676,675
q-rf_1239_sprint-sanity_appendix_v3-0677,qt-q-rf_1239_sprint-sanity_appendix_v3-0677,676
q-rf_1239_sprint-sanity_appendix_v3-0678,qt-q-rf_1239_sprint-sanity_appendix_v3-0678,677
q-rf_1239_sprint-sanity_appendix_v3-0679,qt-q-rf_1239_sprint-sanity_appendix_v3-0679,678
q-rf_1239_sprint-sanity_appendix_v3-0680,qt-q-rf_1239_sprint-sanity_appendix_v3-0680,679
q-rf_1239_sprint-sanity_appendix_v3-0681,qt-q-rf_1239_sprint-sanity_appendix_v3-0681,680
q-rf_1239_sprint-sanity_appendix_v3-0682,qt-q-rf_1239_sprint-sanity_appendix_v3-0682,681
q-rf_1239_sprint-sanity_appendix_v3-0683,qt-q-rf_1239_sprint-sanity_appendix_v3-0683,682
q-rf_1239_sprint-sanity_appendix_v3-0684,qt-q-rf_1239_sprint-sanity_appendix_v3-0684,683
q-rf_1239_sprint-sanity_appendix_v3-0685,qt-q-rf_1239_sprint-sanity_appendix_v3-0685,684
q-rf_1239_sprint-sanity_appendix_v3-0686,qt-q-rf_1239_sprint-sanity_appendix_v3-0686,685
q-rf_1239_sprint-sanity_appendix_v3-0687,qt-q-rf_1239_sprint-sanity_appendix_v3-0687,686
q-rf_1239_sprint-sanity_appendix_v3-0688,qt-q-rf_1239_sprint-sanity_appendix_v3-0688,687
q-rf_1239_sprint-sanity_appendix_v3-0689,qt-q-rf_1239_sprint-sanity_appendix_v3-0689,688
q-rf_1239_sprint-sanity_appendix_v3-0690,qt-q-rf_1239_sprint-sanity_appendix_v3-0690,689
q-rf_1239_sprint-sanity_appendix_v3-0691,qt-q-rf_1239_sprint-sanity_appendix_v3-0691,690
q-rf_1239_sprint-sanity_appendix_v3-0692,qt-q-rf_1239_sprint-sanity_appendix_v3-0692,691
q-rf_1239_sprint-sanity_appendix_v3-0693,qt-q-rf_1239_sprint-sanity_appendix_v3-0693,692
q-rf_1239_sprint-sanity_appendix_v3-0694,qt-q-rf_1239_sprint-sanity_appendix_v3-0694,693
q-rf_1239_sprint-sanity_appendix_v3-0695,qt-q-rf_1239_sprint-sanity_appendix_v3-0695,694
q-rf_1239_sprint-sanity_appendix_v3-0696,qt-q-rf_1239_sprint-sanity_appendix_v3-0696,695
q-rf_1239_sprint-sanity_appendix_v3-0697,qt-q-rf_1239_sprint-sanity_appendix_v3-0697,696
q-rf_1239_sprint-sanity_appendix_v3-0698,qt-q-rf_1239_sprint-sanity_appendix_v3-0698,697
q-rf_1239_sprint-sanity_appendix_v3-0699,qt-q-rf_1239_sprint-sanity_appendix_v3-0699,698
q-rf_1239_sprint-sanity_appendix_v3-0700,qt-q-rf_1239_sprint-sanity_appendix_v3-0700,699
q-rf_1239_sprint-sanity_appendix_v3-0701,qt-q-rf_1239_sprint-sanity_appendix_v3-0701,700
q-rf_1239_sprint-sanity_appendix_v3-0702,qt-q-rf_1239_sprint-sanity_appendix_v3-0702,701
q-rf_1239_sprint-sanity_appendix_v3-0703,qt-q-rf_1239_sprint-sanity_appendix_v3-0703,702
q-rf_1239_sprint-sanity_appendix_v3-0704,qt-q-rf_1239_sprint-sanity_appendix_v3-0704,703
q-rf_1239_sprint-sanity_appendix_v3-0705,qt-q-rf_1239_sprint-sanity_appendix_v3-0705,704
q-rf_1239_sprint-sanity_appendix_v3-0706,qt-q-rf_1239_sprint-sanity_appendix_v3-0706,705
q-rf_1239_sprint-sanity_appendix_v3-0707,qt-q-rf_1239_sprint-sanity_appendix_v3-0707,706
q-rf_1239_sprint-sanity_appendix_v3-0708,qt-q-rf_1239_sprint-sanity_appendix_v3-0708,707
q-rf_1239_sprint-sanity_appendix_v3-0709,qt-q-rf_1239_sprint-sanity_appendix_v3-0709,708
q-rf_1239_sprint-sanity_appendix_v3-0710,qt-q-rf_1239_sprint-sanity_appendix_v3-0710,709
q-rf_1239_sprint-sanity_appendix_v3-0711,qt-q-rf_1239_sprint-sanity_appendix_v3-0711,710
q-rf_1239_sprint-sanity_appendix_v3-0712,qt-q-rf_1239_sprint-sanity_appendix_v3-0712,711
q-rf_1239_sprint-sanity_appendix_v3-0713,qt-q-rf_1239_sprint-sanity_appendix_v3-0713,712
q-rf_1239_sprint-sanity_appendix_v3-0714,qt-q-rf_1239_sprint-sanity_appendix_v3-0714,713
q-rf_1239_sprint-sanity_appendix_v3-0715,qt-q-rf_1239_sprint-sanity_appendix_v3-0715,714
q-rf_1239_sprint-sanity_appendix_v3-0716,qt-q-rf_1239_sprint-sanity_appendix_v3-0716,715
q-rf_1239_sprint-sanity_appendix_v3-0717,qt-q-rf_1239_sprint-sanity_appendix_v3-0717,716
q-rf_1239_sprint-sanity_appendix_v3-0718,qt-q-rf_1239_sprint-sanity_appendix_v3-0718,717
q-rf_1239_sprint-sanity_appendix_v3-0719,qt-q-rf_1239_sprint-sanity_appendix_v3-0719,718
q-rf_1239_sprint-sanity_appendix_v3-0720,qt-q-rf_1239_sprint-sanity_appendix_v3-0720,719
q-rf_1239_sprint-sanity_appendix_v3-0721,qt-q-rf_1239_sprint-sanity_appendix_v3-0721,720
q-rf_1239_sprint-sanity_appendix_v3-0722,qt-q-rf_1239_sprint-sanity_appendix_v3-0722,721
q-rf_1239_sprint-sanity_appendix_v3-0723,qt-q-rf_1239_sprint-sanity_appendix_v3-0723,722
q-rf_1239_sprint-sanity_appendix_v3-0724,qt-q-rf_1239_sprint-sanity_appendix_v3-0724,723
q-rf_1239_sprint-sanity_appendix_v3-0725,qt-q-rf_1239_sprint-sanity_appendix_v3-0725,724
q-rf_1239_sprint-sanity_appendix_v3-0726,qt-q-rf_1239_sprint-sanity_appendix_v3-0726,725
q-rf_1239_sprint-sanity_appendix_v3-0727,qt-q-rf_1239_sprint-sanity_appendix_v3-0727,726
q-rf_1239_sprint-sanity_appendix_v3-0728,qt-q-rf_1239_sprint-sanity_appendix_v3-0728,727
q-rf_1239_sprint-sanity_appendix_v3-0729,qt-q-rf_1239_sprint-sanity_appendix_v3-0729,728
q-rf_1239_sprint-sanity_appendix_v3-0730,qt-q-rf_1239_sprint-sanity_appendix_v3-0730,729
q-rf_1239_sprint-sanity_appendix_v3-0731,qt-q-rf_1239_sprint-sanity_appendix_v3-0731,730
q-rf_1239_sprint-sanity_appendix_v3-0732,qt-q-rf_1239_sprint-sanity_appendix_v3-0732,731
q-rf_1239_sprint-sanity_appendix_v3-0733,qt-q-rf_1239_sprint-sanity_appendix_v3-0733,732
q-rf_1239_sprint-sanity_appendix_v3-0734,qt-q-rf_1239_sprint-sanity_appendix_v3-0734,733
q-rf_1239_sprint-sanity_appendix_v3-0735,qt-q-rf_1239_sprint-sanity_appendix_v3-0735,734
q-rf_1239_sprint-sanity_appendix_v3-0736,qt-q-rf_1239_sprint-sanity_appendix_v3-0736,735
q-rf_1239_sprint-sanity_appendix_v3-0737,qt-q-rf_1239_sprint-sanity_appendix_v3-0737,736
q-rf_1239_sprint-sanity_appendix_v3-0738,qt-q-rf_1239_sprint-sanity_appendix_v3-0738,737
q-rf_1239_sprint-sanity_appendix_v3-0739,qt-q-rf_1239_sprint-sanity_appendix_v3-0739,738
q-rf_1239_sprint-sanity_appendix_v3-0740,qt-q-rf_1239_sprint-sanity_appendix_v3-0740,739
q-rf_1239_sprint-sanity_appendix_v3-0741,qt-q-rf_1239_sprint-sanity_appendix_v3-0741,740
q-rf_1239_sprint-sanity_appendix_v3-0742,qt-q-rf_1239_sprint-sanity_appendix_v3-0742,741
q-rf_1239_sprint-sanity_appendix_v3-0743,qt-q-rf_1239_sprint-sanity_appendix_v3-0743,742
q-rf_1239_sprint-sanity_appendix_v3-0744,qt-q-rf_1239_sprint-sanity_appendix_v3-0744,743
q-rf_1239_sprint-sanity_appendix_v3-0745,qt-q-rf_1239_sprint-sanity_appendix_v3-0745,744
q-rf_1239_sprint-sanity_appendix_v3-0746,qt-q-rf_1239_sprint-sanity_appendix_v3-0746,745
q-rf_1239_sprint-sanity_appendix_v3-0747,qt-q-rf_1239_sprint-sanity_appendix_v3-0747,746
q-rf_1239_sprint-sanity_appendix_v3-0748,qt-q-rf_1239_sprint-sanity_appendix_v3-0748,747
q-rf_1239_sprint-sanity_appendix_v3-0749,qt-q-rf_1239_sprint-sanity_appendix_v3-0749,748
q-rf_1239_sprint-sanity_appendix_v3-0750,qt-q-rf_1239_sprint-sanity_appendix_v3-0750,749
q-rf_1239_sprint-sanity_appendix_v3-0751,qt-q-rf_1239_sprint-sanity_appendix_v3-0751,750
q-rf_1239_sprint-sanity_appendix_v3-0752,qt-q-rf_1239_sprint-sanity_appendix_v3-0752,751
q-rf_1239_sprint-sanity_appendix_v3-0753,qt-q-rf_1239_sprint-sanity_appendix_v3-0753,752
q-rf_1239_sprint-sanity_appendix_v3-0754,qt-q-rf_1239_sprint-sanity_appendix_v3-0754,753
q-rf_1239_sprint-sanity_appendix_v3-0755,qt-q-rf_1239_sprint-sanity_appendix_v3-0755,754
q-rf_1239_sprint-sanity_appendix_v3-0756,qt-q-rf_1239_sprint-sanity_appendix_v3-0756,755
q-rf_1239_sprint-sanity_appendix_v3-0757,qt-q-rf_1239_sprint-sanity_appendix_v3-0757,756
q-rf_1239_sprint-sanity_appendix_v3-0758,qt-q-rf_1239_sprint-sanity_appendix_v3-0758,757
q-rf_1239_sprint-sanity_appendix_v3-0759,qt-q-rf_1239_sprint-sanity_appendix_v3-0759,758
q-rf_1239_sprint-sanity_appendix_v3-0760,qt-q-rf_1239_sprint-sanity_appendix_v3-0760,759
q-rf_1239_sprint-sanity_appendix_v3-0761,qt-q-rf_1239_sprint-sanity_appendix_v3-0761,760
q-rf_1239_sprint-sanity_appendix_v3-0762,qt-q-rf_1239_sprint-sanity_appendix_v3-0762,761
q-rf_1239_sprint-sanity_appendix_v3-0763,qt-q-rf_1239_sprint-sanity_appendix_v3-0763,762
q-rf_1239_sprint-sanity_appendix_v3-0764,qt-q-rf_1239_sprint-sanity_appendix_v3-0764,763
q-rf_1239_sprint-sanity_appendix_v3-0765,qt-q-rf_1239_sprint-sanity_appendix_v3-0765,764
q-rf_1239_sprint-sanity_appendix_v3-0766,qt-q-rf_1239_sprint-sanity_appendix_v3-0766,765
q-rf_1239_sprint-sanity_appendix_v3-0767,qt-q-rf_1239_sprint-sanity_appendix_v3-0767,766
q-rf_1239_sprint-sanity_appendix_v3-0768,qt-q-rf_1239_sprint-sanity_appendix_v3-0768,767
q-rf_1239_sprint-sanity_appendix_v3-0769,qt-q-rf_1239_sprint-sanity_appendix_v3-0769,768
q-rf_1239_sprint-sanity_appendix_v3-0770,qt-q-rf_1239_sprint-sanity_appendix_v3-0770,769
q-rf_1239_sprint-sanity_appendix_v3-0771,qt-q-rf_1239_sprint-sanity_appendix_v3-0771,770
q-rf_1239_sprint-sanity_appendix_v3-0772,qt-q-rf_1239_sprint-sanity_appendix_v3-0772,771
q-rf_1239_sprint-sanity_appendix_v3-0773,qt-q-rf_1239_sprint-sanity_appendix_v3-0773,772
q-rf_1239_sprint-sanity_appendix_v3-0774,qt-q-rf_1239_sprint-sanity_appendix_v3-0774,773
q-rf_1239_sprint-sanity_appendix_v3-0775,qt-q-rf_1239_sprint-sanity_appendix_v3-0775,774
q-rf_1239_sprint-sanity_appendix_v3-0776,qt-q-rf_1239_sprint-sanity_appendix_v3-0776,775
q-rf_1239_sprint-sanity_appendix_v3-0777,qt-q-rf_1239_sprint-sanity_appendix_v3-0777,776
q-rf_1239_sprint-sanity_appendix_v3-0778,qt-q-rf_1239_sprint-sanity_appendix_v3-0778,777
q-rf_1239_sprint-sanity_appendix_v3-0779,qt-q-rf_1239_sprint-sanity_appendix_v3-0779,778
q-rf_1239_sprint-sanity_appendix_v3-0780,qt-q-rf_1239_sprint-sanity_appendix_v3-0780,779
q-rf_1239_sprint-sanity_appendix_v3-0781,qt-q-rf_1239_sprint-sanity_appendix_v3-0781,780
q-rf_1239_sprint-sanity_appendix_v3-0782,qt-q-rf_1239_sprint-sanity_appendix_v3-0782,781
q-rf_1239_sprint-sanity_appendix_v3-0783,qt-q-rf_1239_sprint-sanity_appendix_v3-0783,782
q-rf_1239_sprint-sanity_appendix_v3-0784,qt-q-rf_1239_sprint-sanity_appendix_v3-0784,783
q-rf_1239_sprint-sanity_appendix_v3-0785,qt-q-rf_1239_sprint-sanity_appendix_v3-0785,784
q-rf_1239_sprint-sanity_appendix_v3-0786,qt-q-rf_1239_sprint-sanity_appendix_v3-0786,785
q-rf_1239_sprint-sanity_appendix_v3-0787,qt-q-rf_1239_sprint-sanity_appendix_v3-0787,786
q-rf_1239_sprint-sanity_appendix_v3-0788,qt-q-rf_1239_sprint-sanity_appendix_v3-0788,787
q-rf_1239_sprint-sanity_appendix_v3-0789,qt-q-rf_1239_sprint-sanity_appendix_v3-0789,788
q-rf_1239_sprint-sanity_appendix_v3-0790,qt-q-rf_1239_sprint-sanity_appendix_v3-0790,789
q-rf_1239_sprint-sanity_appendix_v3-0791,qt-q-rf_1239_sprint-sanity_appendix_v3-0791,790
q-rf_1239_sprint-sanity_appendix_v3-0792,qt-q-rf_1239_sprint-sanity_appendix_v3-0792,791
q-rf_1239_sprint-sanity_appendix_v3-0793,qt-q-rf_1239_sprint-sanity_appendix_v3-0793,792
q-rf_1239_sprint-sanity_appendix_v3-0794,qt-q-rf_1239_sprint-sanity_appendix_v3-0794,793
q-rf_1239_sprint-sanity_appendix_v3-0795,qt-q-rf_1239_sprint-sanity_appendix_v3-0795,794
q-rf_1239_sprint-sanity_appendix_v3-0796,qt-q-rf_1239_sprint-sanity_appendix_v3-0796,795
q-rf_1239_sprint-sanity_appendix_v3-0797,qt-q-rf_1239_sprint-sanity_appendix_v3-0797,796
q-rf_1239_sprint-sanity_appendix_v3-0798,qt-q-rf_1239_sprint-sanity_appendix_v3-0798,797
q-rf_1239_sprint-sanity_appendix_v3-0799,qt-q-rf_1239_sprint-sanity_appendix_v3-0799,798
q-rf_1239_sprint-sanity_appendix_v3-0800,qt-q-rf_1239_sprint-sanity_appendix_v3-0800,799
q-rf_1239_sprint-sanity_appendix_v3-0801,qt-q-rf_1239_sprint-sanity_appendix_v3-0801,800
q-rf_1239_sprint-sanity_appendix_v3-0802,qt-q-rf_1239_sprint-sanity_appendix_v3-0802,801
q-rf_1239_sprint-sanity_appendix_v3-0803,qt-q-rf_1239_sprint-sanity_appendix_v3-0803,802
q-rf_1239_sprint-sanity_appendix_v3-0804,qt-q-rf_1239_sprint-sanity_appendix_v3-0804,803
q-rf_1239_sprint-sanity_appendix_v3-0805,qt-q-rf_1239_sprint-sanity_appendix_v3-0805,804
q-rf_1239_sprint-sanity_appendix_v3-0806,qt-q-rf_1239_sprint-sanity_appendix_v3-0806,805
q-rf_1239_sprint-sanity_appendix_v3-0807,qt-q-rf_1239_sprint-sanity_appendix_v3-0807,806
q-rf_1239_sprint-sanity_appendix_v3-0808,qt-q-rf_1239_sprint-sanity_appendix_v3-0808,807
q-rf_1239_sprint-sanity_appendix_v3-0809,qt-q-rf_1239_sprint-sanity_appendix_v3-0809,808
q-rf_1239_sprint-sanity_appendix_v3-0810,qt-q-rf_1239_sprint-sanity_appendix_v3-0810,809
q-rf_1239_sprint-sanity_appendix_v3-0811,qt-q-rf_1239_sprint-sanity_appendix_v3-0811,810
q-rf_1239_sprint-sanity_appendix_v3-0812,qt-q-rf_1239_sprint-sanity_appendix_v3-0812,811
q-rf_1239_sprint-sanity_appendix_v3-0813,qt-q-rf_1239_sprint-sanity_appendix_v3-0813,812
q-rf_1239_sprint-sanity_appendix_v3-0814,qt-q-rf_1239_sprint-sanity_appendix_v3-0814,813
q-rf_1239_sprint-sanity_appendix_v3-0815,qt-q-rf_1239_sprint-sanity_appendix_v3-0815,814
q-rf_1239_sprint-sanity_appendix_v3-0816,qt-q-rf_1239_sprint-sanity_appendix_v3-0816,815
q-rf_1239_sprint-sanity_appendix_v3-0817,qt-q-rf_1239_sprint-sanity_appendix_v3-0817,816
q-rf_1239_sprint-sanity_appendix_v3-0818,qt-q-rf_1239_sprint-sanity_appendix_v3-0818,817
q-rf_1239_sprint-sanity_appendix_v3-0819,qt-q-rf_1239_sprint-sanity_appendix_v3-0819,818
q-rf_1239_sprint-sanity_appendix_v3-0820,qt-q-rf_1239_sprint-sanity_appendix_v3-0820,819
q-rf_1239_sprint-sanity_appendix_v3-0821,qt-q-rf_1239_sprint-sanity_appendix_v3-0821,820
q-rf_1239_sprint-sanity_appendix_v3-0822,qt-q-rf_1239_sprint-sanity_appendix_v3-0822,821
q-rf_1239_sprint-sanity_appendix_v3-0823,qt-q-rf_1239_sprint-sanity_appendix_v3-0823,822
q-rf_1239_sprint-sanity_appendix_v3-0824,qt-q-rf_1239_sprint-sanity_appendix_v3-0824,823
q-rf_1239_sprint-sanity_appendix_v3-0825,qt-q-rf_1239_sprint-sanity_appendix_v3-0825,824
q-rf_1239_sprint-sanity_appendix_v3-0826,qt-q-rf_1239_sprint-sanity_appendix_v3-0826,825
q-rf_1239_sprint-sanity_appendix_v3-0827,qt-q-rf_1239_sprint-sanity_appendix_v3-0827,826
q-rf_1239_sprint-sanity_appendix_v3-0828,qt-q-rf_1239_sprint-sanity_appendix_v3-0828,827
q-rf_1239_sprint-sanity_appendix_v3-0829,qt-q-rf_1239_sprint-sanity_appendix_v3-0829,828
q-rf_1239_sprint-sanity_appendix_v3-0830,qt-q-rf_1239_sprint-sanity_appendix_v3-0830,829
q-rf_1239_sprint-sanity_appendix_v3-0831,qt-q-rf_1239_sprint-sanity_appendix_v3-0831,830
q-rf_1239_sprint-sanity_appendix_v3-0832,qt-q-rf_1239_sprint-sanity_appendix_v3-0832,831
q-rf_1239_sprint-sanity_appendix_v3-0833,qt-q-rf_1239_sprint-sanity_appendix_v3-0833,832
q-rf_1239_sprint-sanity_appendix_v3-0834,qt-q-rf_1239_sprint-sanity_appendix_v3-0834,833
q-rf_1239_sprint-sanity_appendix_v3-0835,qt-q-rf_1239_sprint-sanity_appendix_v3-0835,834
q-rf_1239_sprint-sanity_appendix_v3-0836,qt-q-rf_1239_sprint-sanity_appendix_v3-0836,835
q-rf_1239_sprint-sanity_appendix_v3-0837,qt-q-rf_1239_sprint-sanity_appendix_v3-0837,836
q-rf_1239_sprint-sanity_appendix_v3-0838,qt-q-rf_1239_sprint-sanity_appendix_v3-0838,837
q-rf_1239_sprint-sanity_appendix_v3-0839,qt-q-rf_1239_sprint-sanity_appendix_v3-0839,838
q-rf_1239_sprint-sanity_appendix_v3-0840,qt-q-rf_1239_sprint-sanity_appendix_v3-0840,839
